SYMBOL,Companys,Symbols
20MICRONS,20 Microns,20MICRONS.NS
21STCENMGM,21st Century Management Services,21STCENMGM.NS
360ONE,360 ONE WAM,360ONE.NS
3IINFOLTD,3i Infotech,3IINFOLTD.NS
3MINDIA,3M India,3MINDIA.NS
3PLAND,3P Land Holdings,3PLAND.NS
5PAISA,5Paisa Capital,5PAISA.NS
63MOONS,63 moons technologies,63MOONS.NS
A2ZINFRA,A2Z Infra Engineering,A2ZINFRA.NS
AAATECH,AAA Technologies,AAATECH.NS
AADHARHFC,Aadhar Housing Finance,AADHARHFC.NS
AAKASH,Aakash Exploration Services,AAKASH.NS
AAREYDRUGS,Aarey Drugs & Pharmaceuticals,AAREYDRUGS.NS
AARON,Aaron Industries,AARON.NS
AARTECH,Aartech Solonics,AARTECH.NS
AARTIDRUGS,Aarti Drugs,AARTIDRUGS.NS
AARTIIND,Aarti Industries,AARTIIND.NS
AARTIPHARM,Aarti Pharmalabs,AARTIPHARM.NS
AARTISURF,Aarti Surfactants,AARTISURF.NS
AARVEEDEN,Aarvee Denims & Exports,AARVEEDEN.NS
AARVI,Aarvi Encon,AARVI.NS
AAVAS,Aavas Financiers,AAVAS.NS
ABAN,Aban Offshore,ABAN.NS
ABB,ABB India,ABB.NS
ABBOTINDIA,Abbott India,ABBOTINDIA.NS
ABCAPITAL,Aditya Birla Capital,ABCAPITAL.NS
ABDL,Allied Blenders and Distillers,ABDL.NS
ABFRL,Aditya Birla Fashion and Retail,ABFRL.NS
ABMINTLLTD,ABM International,ABMINTLLTD.NS
ABSLAMC,Aditya Birla Sun Life AMC,ABSLAMC.NS
ACC,ACC,ACC.NS
ACCELYA,Accelya Solutions India,ACCELYA.NS
ACCURACY,Accuracy Shipping,ACCURACY.NS
ACE,Action Construction Equipment,ACE.NS
ACEINTEG,Ace Integrated Solutions,ACEINTEG.NS
ACI,Archean Chemical Industries,ACI.NS
ACL,Andhra Cements,ACL.NS
ACLGATI,Allcargo Gati,ACLGATI.NS
ADANIENSOL,Adani Energy Solutions,ADANIENSOL.NS
ADANIENT,Adani Enterprises,ADANIENT.NS
ADANIGREEN,Adani Green Energy,ADANIGREEN.NS
ADANIPORTS,Adani Ports and Special Economic Zone,ADANIPORTS.NS
ADANIPOWER,Adani Power,ADANIPOWER.NS
ADFFOODS,ADF Foods,ADFFOODS.NS
ADL,Archidply Decor,ADL.NS
ADORWELD,Ador Welding,ADORWELD.NS
ADROITINFO,Adroit Infotech,ADROITINFO.NS
ADSL,Allied Digital Services,ADSL.NS
ADVANIHOTR,Advani Hotels & Resorts (India),ADVANIHOTR.NS
ADVENZYMES,Advanced Enzyme Technologies,ADVENZYMES.NS
AEGISLOG,Aegis Logistics,AEGISLOG.NS
AEROFLEX,Aeroflex Industries,AEROFLEX.NS
AETHER,Aether Industries,AETHER.NS
AFFLE,Affle (India),AFFLE.NS
AFIL,Akme Fintrade (India),AFIL.NS
AGARIND,Agarwal Industrial Corporation,AGARIND.NS
AGI,AGI Greenpac,AGI.NS
AGIIL,Agi Infra,AGIIL.NS
AGRITECH,Agri-Tech (India),AGRITECH.NS
AGROPHOS,Agro Phos India,AGROPHOS.NS
AGSTRA,AGS Transact Technologies,AGSTRA.NS
AHL,Abans Holdings,AHL.NS
AHLADA,Ahlada Engineers,AHLADA.NS
AHLEAST,Asian Hotels (East),AHLEAST.NS
AHLUCONT,Ahluwalia Contracts (India),AHLUCONT.NS
AIAENG,AIA Engineering,AIAENG.NS
AIIL,Authum Investment & Infrastructure,AIIL.NS
AIRAN,Airan,AIRAN.NS
AIROLAM,Airo Lam,AIROLAM.NS
AJANTPHARM,Ajanta Pharma,AJANTPHARM.NS
AJMERA,Ajmera Realty & Infra India,AJMERA.NS
AJOONI,Ajooni Biotech,AJOONI.NS
AKASH,Akash Infra-Projects,AKASH.NS
AKG,Akg Exim,AKG.NS
AKI,AKI India,AKI.NS
AKSHAR,Akshar Spintex,AKSHAR.NS
AKSHARCHEM,AksharChem India,AKSHARCHEM.NS
AKSHOPTFBR,Aksh Optifibre,AKSHOPTFBR.NS
AKUMS,Akums Drugs and Pharmaceuticals,AKUMS.NS
AKZOINDIA,Akzo Nobel India,AKZOINDIA.NS
ALANKIT,Alankit,ALANKIT.NS
ALBERTDAVD,Albert David,ALBERTDAVD.NS
ALEMBICLTD,Alembic,ALEMBICLTD.NS
ALICON,Alicon Castalloy,ALICON.NS
ALKALI,Alkali Metals,ALKALI.NS
ALKEM,Alkem Laboratories,ALKEM.NS
ALKYLAMINE,Alkyl Amines Chemicals,ALKYLAMINE.NS
ALLCARGO,Allcargo Logistics,ALLCARGO.NS
ALLSEC,Allsec Technologies,ALLSEC.NS
ALMONDZ,Almondz Global Securities,ALMONDZ.NS
ALOKINDS,Alok Industries,ALOKINDS.NS
ALPA,Alpa Laboratories,ALPA.NS
ALPHAGEO,Alphageo (India),ALPHAGEO.NS
ALPSINDUS,Alps Industries,ALPSINDUS.NS
AMBER,Amber Enterprises India,AMBER.NS
AMBICAAGAR,Ambica Agarbathies & Aroma industries,AMBICAAGAR.NS
AMBIKCO,Ambika Cotton Mills,AMBIKCO.NS
AMBUJACEM,Ambuja Cements,AMBUJACEM.NS
AMDIND,AMD Industries,AMDIND.NS
AMIORG,Ami Organics,AMIORG.NS
AMJLAND,Amj Land Holdings,AMJLAND.NS
AMNPLST,Amines & Plasticizers,AMNPLST.NS
AMRUTANJAN,Amrutanjan Health Care,AMRUTANJAN.NS
ANANDRATHI,Anand Rathi Wealth,ANANDRATHI.NS
ANANTRAJ,Anant Raj,ANANTRAJ.NS
ANDHRAPAP,ANDHRA PAPER,ANDHRAPAP.NS
ANDHRSUGAR,The Andhra Sugars,ANDHRSUGAR.NS
ANGELONE,Angel One,ANGELONE.NS
ANIKINDS,Anik Industries,ANIKINDS.NS
ANMOL,Anmol India,ANMOL.NS
ANSALAPI,Ansal Properties & Infrastructure,ANSALAPI.NS
ANTGRAPHIC,Antarctica,ANTGRAPHIC.NS
ANUP,The Anup Engineering,ANUP.NS
ANURAS,Anupam Rasayan India,ANURAS.NS
APARINDS,Apar Industries,APARINDS.NS
APCL,Anjani Portland Cement,APCL.NS
APCOTEXIND,Apcotex Industries,APCOTEXIND.NS
APEX,Apex Frozen Foods,APEX.NS
APLAPOLLO,APL Apollo Tubes,APLAPOLLO.NS
APLLTD,Alembic Pharmaceuticals,APLLTD.NS
APOLLO,Apollo Micro Systems,APOLLO.NS
APOLLOHOSP,Apollo Hospitals Enterprise,APOLLOHOSP.NS
APOLLOPIPE,Apollo Pipes,APOLLOPIPE.NS
APOLLOTYRE,Apollo Tyres,APOLLOTYRE.NS
APOLSINHOT,Apollo Sindoori Hotels,APOLSINHOT.NS
APTECHT,Aptech,APTECHT.NS
APTUS,Aptus Value Housing Finance India,APTUS.NS
ARCHIDPLY,Archidply Industries,ARCHIDPLY.NS
ARCHIES,Archies,ARCHIES.NS
ARE&M,Amara Raja Energy & Mobility,ARE&M.NS
ARENTERP,Rajdarshan Industries,ARENTERP.NS
ARIES,Aries Agro,ARIES.NS
ARIHANTCAP,Arihant Capital Markets,ARIHANTCAP.NS
ARIHANTSUP,Arihant Superstructures,ARIHANTSUP.NS
ARMANFIN,Arman Financial Services,ARMANFIN.NS
AROGRANITE,Aro Granite Industries,AROGRANITE.NS
ARROWGREEN,Arrow Greentech,ARROWGREEN.NS
ARSSINFRA,ARSS Infrastructure Projects,ARSSINFRA.NS
ARTEMISMED,Artemis Medicare Services,ARTEMISMED.NS
ARTNIRMAN,Art Nirman,ARTNIRMAN.NS
ARVEE,Arvee Laboratories (India),ARVEE.NS
ARVIND,Arvind,ARVIND.NS
ARVINDFASN,Arvind Fashions,ARVINDFASN.NS
ARVSMART,Arvind SmartSpaces,ARVSMART.NS
ASAHIINDIA,Asahi India Glass,ASAHIINDIA.NS
ASAHISONG,Asahi Songwon Colors,ASAHISONG.NS
ASAL,Automotive Stampings and Assemblies,ASAL.NS
ASALCBR,Associated Alcohols & Breweries Ltd.,ASALCBR.NS
ASHAPURMIN,Ashapura Minechem,ASHAPURMIN.NS
ASHIANA,Ashiana Housing,ASHIANA.NS
ASHIMASYN,Ashima,ASHIMASYN.NS
ASHOKA,Ashoka Buildcon,ASHOKA.NS
ASHOKAMET,Ashoka Metcast,ASHOKAMET.NS
ASHOKLEY,Ashok Leyland,ASHOKLEY.NS
ASIANENE,Asian Energy Services,ASIANENE.NS
ASIANHOTNR,Asian Hotels (North),ASIANHOTNR.NS
ASIANPAINT,Asian Paints,ASIANPAINT.NS
ASIANTILES,Asian Granito India,ASIANTILES.NS
ASKAUTOLTD,ASK Automotive,ASKAUTOLTD.NS
ASMS,Bartronics India,ASMS.NS
ASPINWALL,Aspinwall and Company,ASPINWALL.NS
ASTEC,Astec LifeSciences,ASTEC.NS
ASTERDM,Aster DM Healthcare,ASTERDM.NS
ASTRAL,Astral,ASTRAL.NS
ASTRAMICRO,Astra Microwave Products,ASTRAMICRO.NS
ASTRAZEN,AstraZeneca Pharma India,ASTRAZEN.NS
ASTRON,Astron Paper & Board Mill,ASTRON.NS
ATALREAL,Atal Realtech,ATALREAL.NS
ATAM,Atam Valves,ATAM.NS
ATFL,Agro Tech Foods,ATFL.NS
ATGL,Adani Total Gas,ATGL.NS
ATL,Allcargo Terminals,ATL.NS
ATLANTAA,ATLANTAA,ATLANTAA.NS
ATUL,Atul,ATUL.NS
ATULAUTO,Atul Auto,ATULAUTO.NS
AUBANK,AU Small Finance Bank,AUBANK.NS
AURIONPRO,Aurionpro Solutions,AURIONPRO.NS
AUROPHARMA,Aurobindo Pharma,AUROPHARMA.NS
AURUM,Aurum PropTech,AURUM.NS
AUSOMENT,Ausom Enterprise,AUSOMENT.NS
AUTOAXLES,Automotive Axles,AUTOAXLES.NS
AUTOIND,Autoline Industries,AUTOIND.NS
AVADHSUGAR,Avadh Sugar & Energy,AVADHSUGAR.NS
AVALON,Avalon Technologies,AVALON.NS
AVANTEL,Avantel,AVANTEL.NS
AVANTIFEED,Avanti Feeds,AVANTIFEED.NS
AVG,AVG Logistics,AVG.NS
AVONMORE,Avonmore Capital & Management Services,AVONMORE.NS
AVROIND,AVRO INDIA,AVROIND.NS
AVTNPL,AVT Natural Products,AVTNPL.NS
AWFIS,Awfis Space Solutions,AWFIS.NS
AWHCL,Antony Waste Handling Cell,AWHCL.NS
AWL,Adani Wilmar,AWL.NS
AXISBANK,Axis Bank,AXISBANK.NS
AXISCADES,AXISCADES Technologies,AXISCADES.NS
AXITA,Axita Cotton,AXITA.NS
AYMSYNTEX,AYM Syntex,AYMSYNTEX.NS
AZAD,Azad Engineering,AZAD.NS
BAFNAPH,Bafna Pharmaceuticals,BAFNAPH.NS
BAGFILMS,B.A.G Films and Media,BAGFILMS.NS
BAIDFIN,Baid Finserv,BAIDFIN.NS
BAJAJ-AUTO,Bajaj Auto,BAJAJ-AUTO.NS
BAJAJCON,Bajaj Consumer Care,BAJAJCON.NS
BAJAJELEC,Bajaj Electricals,BAJAJELEC.NS
BAJAJFINSV,Bajaj Finserv,BAJAJFINSV.NS
BAJAJHCARE,Bajaj Healthcare,BAJAJHCARE.NS
BAJAJHIND,Bajaj Hindusthan Sugar,BAJAJHIND.NS
BAJAJHLDNG,Bajaj Holdings & Investment,BAJAJHLDNG.NS
BAJEL,Bajel Projects,BAJEL.NS
BAJFINANCE,Bajaj Finance,BAJFINANCE.NS
BALAJITELE,Balaji Telefilms,BALAJITELE.NS
BALAMINES,Balaji Amines,BALAMINES.NS
BALAXI,BALAXI PHARMACEUTICALS,BALAXI.NS
BALKRISHNA,Balkrishna Paper Mills,BALKRISHNA.NS
BALKRISIND,Balkrishna Industries,BALKRISIND.NS
BALMLAWRIE,Balmer Lawrie & Company,BALMLAWRIE.NS
BALPHARMA,Bal Pharma,BALPHARMA.NS
BALRAMCHIN,Balrampur Chini Mills,BALRAMCHIN.NS
BALUFORGE,Balu Forge Industries,BALUFORGE.NS
BANARBEADS,Banaras Beads,BANARBEADS.NS
BANARISUG,Bannari Amman Sugars,BANARISUG.NS
BANCOINDIA,Banco Products (I),BANCOINDIA.NS
BANDHANBNK,Bandhan Bank,BANDHANBNK.NS
BANG,Bang Overseas,BANG.NS
BANKA,Banka BioLoo,BANKA.NS
BANKBARODA,Bank of Baroda,BANKBARODA.NS
BANKINDIA,Bank of India,BANKINDIA.NS
BANSALWIRE,Bansal Wire Industries,BANSALWIRE.NS
BANSWRAS,Banswara Syntex,BANSWRAS.NS
BARBEQUE,Barbeque Nation Hospitality,BARBEQUE.NS
BASF,BASF India,BASF.NS
BASML,Bannari Amman Spinning Mills,BASML.NS
BATAINDIA,Bata India,BATAINDIA.NS
BAYERCROP,Bayer Cropscience,BAYERCROP.NS
BBL,Bharat Bijlee,BBL.NS
BBOX,Black Box,BBOX.NS
BBTC,Bombay Burmah Trading Corporation,BBTC.NS
BBTCL,B&B Triplewall Containers,BBTCL.NS
BCLIND,Bcl Industries,BCLIND.NS
BCONCEPTS,Brand Concepts,BCONCEPTS.NS
BDL,Bharat Dynamics,BDL.NS
BEARDSELL,Beardsell,BEARDSELL.NS
BECTORFOOD,Mrs. Bectors Food Specialities,BECTORFOOD.NS
BEDMUTHA,Bedmutha Industries,BEDMUTHA.NS
BEL,Bharat Electronics,BEL.NS
BEML,BEML,BEML.NS
BEPL,Bhansali Engineering Polymers,BEPL.NS
BERGEPAINT,Berger Paints (I),BERGEPAINT.NS
BESTAGRO,Best Agrolife,BESTAGRO.NS
BFINVEST,BF Investment,BFINVEST.NS
BFUTILITIE,BF Utilities,BFUTILITIE.NS
BGRENERGY,BGR Energy Systems,BGRENERGY.NS
BHAGCHEM,Bhagiradha Chemicals & Industries,BHAGCHEM.NS
BHAGERIA,Bhageria Industries,BHAGERIA.NS
BHAGYANGR,Bhagyanagar India,BHAGYANGR.NS
BHANDARI,Bhandari Hosiery Exports,BHANDARI.NS
BHARATFORG,Bharat Forge,BHARATFORG.NS
BHARATGEAR,Bharat Gears,BHARATGEAR.NS
BHARATRAS,Bharat Rasayan,BHARATRAS.NS
BHARATWIRE,Bharat Wire Ropes,BHARATWIRE.NS
BHARTIARTL,Bharti Airtel,BHARTIARTL.NS
BHARTIHEXA,Bharti Hexacom,BHARTIHEXA.NS
BHEL,Bharat Heavy Electricals,BHEL.NS
BIGBLOC,Bigbloc Construction,BIGBLOC.NS
BIKAJI,Bikaji Foods International,BIKAJI.NS
BIL,Bhartiya International,BIL.NS
BINANIIND,Binani Industries,BINANIIND.NS
BIOCON,Biocon,BIOCON.NS
BIOFILCHEM,Biofil Chemicals & Pharmaceuticals,BIOFILCHEM.NS
BIRLACABLE,Birla Cable,BIRLACABLE.NS
BIRLACORPN,Birla Corporation,BIRLACORPN.NS
BIRLAMONEY,Aditya Birla Money,BIRLAMONEY.NS
BLAL,BEML Land Assets,BLAL.NS
BLBLIMITED,BLB,BLBLIMITED.NS
BLISSGVS,Bliss GVS Pharma,BLISSGVS.NS
BLKASHYAP,B. L. Kashyap and Sons,BLKASHYAP.NS
BLS,BLS International Services,BLS.NS
BLSE,BLS E-Services,BLSE.NS
BLUECHIP,Blue Chip India,BLUECHIP.NS
BLUEDART,Blue Dart Express,BLUEDART.NS
BLUEJET,Blue Jet Healthcare,BLUEJET.NS
BLUESTARCO,Blue Star,BLUESTARCO.NS
BODALCHEM,Bodal Chemicals,BODALCHEM.NS
BOMDYEING,Bombay Dyeing & Mfg Company,BOMDYEING.NS
BOROLTD,Borosil,BOROLTD.NS
BORORENEW,BOROSIL RENEWABLES,BORORENEW.NS
BOROSCI,Borosil Scientific,BOROSCI.NS
BOSCHLTD,Bosch,BOSCHLTD.NS
BPCL,Bharat Petroleum Corporation,BPCL.NS
BPL,BPL,BPL.NS
BRIGADE,Brigade Enterprises,BRIGADE.NS
BRITANNIA,Britannia Industries,BRITANNIA.NS
BRNL,Bharat Road Network,BRNL.NS
BROOKS,Brooks Laboratories,BROOKS.NS
BSE,BSE,BSE.NS
BSHSL,Bombay Super Hybrid Seeds,BSHSL.NS
BSL,BSL,BSL.NS
BSOFT,BIRLASOFT,BSOFT.NS
BTML,Bodhi Tree Multimedia,BTML.NS
BURNPUR,Burnpur Cement,BURNPUR.NS
BUTTERFLY,Butterfly Gandhimathi Appliances,BUTTERFLY.NS
BVCL,Barak Valley Cements,BVCL.NS
BYKE,The Byke Hospitality Ltd,BYKE.NS
CALSOFT,California Software Company,CALSOFT.NS
CAMLINFINE,Camlin Fine Sciences,CAMLINFINE.NS
CAMPUS,Campus Activewear,CAMPUS.NS
CAMS,Computer Age Management Services,CAMS.NS
CANBK,Canara Bank,CANBK.NS
CANFINHOME,Can Fin Homes,CANFINHOME.NS
CANTABIL,Cantabil Retail India,CANTABIL.NS
CAPACITE,Capacit'e Infraprojects,CAPACITE.NS
CAPITALSFB,Capital Small Finance Bank,CAPITALSFB.NS
CAPLIPOINT,Caplin Point Laboratories,CAPLIPOINT.NS
CAPTRUST,Capital Trust,CAPTRUST.NS
CARBORUNIV,Carborundum Universal,CARBORUNIV.NS
CAREERP,Career Point,CAREERP.NS
CARERATING,CARE Ratings,CARERATING.NS
CARTRADE,Cartrade Tech,CARTRADE.NS
CARYSIL,CARYSIL,CARYSIL.NS
CASTROLIND,Castrol India,CASTROLIND.NS
CCCL,Consolidated Construction Consortium,CCCL.NS
CCHHL,Country Club Hospitality & Holidays,CCHHL.NS
CCL,CCL Products (India),CCL.NS
CDSL,Central Depository Services (India),CDSL.NS
CEATLTD,CEAT,CEATLTD.NS
CEIGALL,Ceigall India,CEIGALL.NS
CELEBRITY,Celebrity Fashions,CELEBRITY.NS
CELLO,Cello World,CELLO.NS
CENTENKA,Century Enka,CENTENKA.NS
CENTEXT,Century Extrusions,CENTEXT.NS
CENTRALBK,Central Bank of India,CENTRALBK.NS
CENTRUM,Centrum Capital,CENTRUM.NS
CENTUM,Centum Electronics,CENTUM.NS
CENTURYPLY,Century Plyboards (India),CENTURYPLY.NS
CENTURYTEX,Century Textiles & Industries,CENTURYTEX.NS
CERA,Cera Sanitaryware,CERA.NS
CEREBRAINT,Cerebra Integrated Technologies,CEREBRAINT.NS
CESC,CESC,CESC.NS
CGCL,Capri Global Capital,CGCL.NS
CGPOWER,CG Power and Industrial Solutions,CGPOWER.NS
CHALET,Chalet Hotels,CHALET.NS
CHAMBLFERT,Chambal Fertilizers & Chemicals,CHAMBLFERT.NS
CHEMBOND,Chembond Chemicals Ltd,CHEMBOND.NS
CHEMCON,Chemcon Speciality Chemicals,CHEMCON.NS
CHEMFAB,Chemfab Alkalis,CHEMFAB.NS
CHEMPLASTS,Chemplast Sanmar,CHEMPLASTS.NS
CHENNPETRO,Chennai Petroleum Corporation,CHENNPETRO.NS
CHEVIOT,Cheviot Company,CHEVIOT.NS
CHOICEIN,Choice International,CHOICEIN.NS
CHOLAFIN,Cholamandalam Investment and Finance Company,CHOLAFIN.NS
CHOLAHLDNG,Cholamandalam Financial Holdings,CHOLAHLDNG.NS
CIEINDIA,CIE Automotive India,CIEINDIA.NS
CIGNITITEC,Cigniti Technologies,CIGNITITEC.NS
CINELINE,Cineline India,CINELINE.NS
CINEVISTA,Cinevista,CINEVISTA.NS
CIPLA,Cipla,CIPLA.NS
CLEAN,Clean Science and Technology,CLEAN.NS
CLEDUCATE,CL Educate,CLEDUCATE.NS
CLSEL,Chaman Lal Setia Exports,CLSEL.NS
CMSINFO,CMS Info Systems,CMSINFO.NS
COALINDIA,Coal India,COALINDIA.NS
COASTCORP,Coastal Corporation,COASTCORP.NS
COCHINSHIP,Cochin Shipyard,COCHINSHIP.NS
COFFEEDAY,Coffee Day Enterprises,COFFEEDAY.NS
COFORGE,Coforge,COFORGE.NS
COLPAL,Colgate Palmolive (India),COLPAL.NS
COMPUSOFT,Compucom Software,COMPUSOFT.NS
COMSYN,Commercial Syn Bags,COMSYN.NS
CONCOR,Container Corporation of India,CONCOR.NS
CONCORDBIO,Concord Biotech,CONCORDBIO.NS
CONFIPET,Confidence Petroleum India,CONFIPET.NS
CONSOFINVT,Consolidated Finvest & Holdings,CONSOFINVT.NS
CONTROLPR,Control Print,CONTROLPR.NS
CORALFINAC,Coral India Finance & Housing,CORALFINAC.NS
CORDSCABLE,Cords Cable Industries,CORDSCABLE.NS
COROMANDEL,Coromandel International,COROMANDEL.NS
COSMOFIRST,COSMO FIRST,COSMOFIRST.NS
COUNCODOS,Country Condo's,COUNCODOS.NS
CRAFTSMAN,Craftsman Automation,CRAFTSMAN.NS
CREATIVE,Creative Newtech,CREATIVE.NS
CREATIVEYE,Creative Eye,CREATIVEYE.NS
CREDITACC,CREDITACCESS GRAMEEN,CREDITACC.NS
CREST,Crest Ventures,CREST.NS
CRISIL,CRISIL,CRISIL.NS
CROMPTON,Crompton Greaves Consumer Electricals,CROMPTON.NS
CROWN,Crown Lifters,CROWN.NS
CSBBANK,CSB Bank,CSBBANK.NS
CSLFINANCE,CSL Finance,CSLFINANCE.NS
CTE,Cambridge Technology Enterprises,CTE.NS
CUB,City Union Bank,CUB.NS
CUBEXTUB,Cubex Tubings,CUBEXTUB.NS
CUMMINSIND,Cummins India,CUMMINSIND.NS
CUPID,Cupid,CUPID.NS
CYBERMEDIA,Cyber Media (India),CYBERMEDIA.NS
CYBERTECH,Cybertech Systems And Software,CYBERTECH.NS
CYIENT,Cyient,CYIENT.NS
CYIENTDLM,Cyient DLM,CYIENTDLM.NS
DABUR,Dabur India,DABUR.NS
DALBHARAT,Dalmia Bharat,DALBHARAT.NS
DALMIASUG,Dalmia Bharat Sugar and Industries,DALMIASUG.NS
DAMODARIND,Damodar Industries,DAMODARIND.NS
DANGEE,Dangee Dums,DANGEE.NS
DATAMATICS,Datamatics Global Services,DATAMATICS.NS
DATAPATTNS,Data Patterns (India),DATAPATTNS.NS
DAVANGERE,Davangere Sugar Company,DAVANGERE.NS
DBCORP,D.B.Corp,DBCORP.NS
DBL,Dilip Buildcon,DBL.NS
DBOL,Dhampur Bio Organics,DBOL.NS
DBREALTY,Valor Estate,DBREALTY.NS
DBSTOCKBRO,DB (International) Stock Brokers,DBSTOCKBRO.NS
DCAL,Dishman Carbogen Amcis,DCAL.NS
DCBBANK,DCB Bank,DCBBANK.NS
DCI,Dc Infotech And Communication,DCI.NS
DCM,DCM,DCM.NS
DCMFINSERV,DCM Financial Services,DCMFINSERV.NS
DCMNVL,DCM Nouvelle,DCMNVL.NS
DCMSHRIRAM,DCM Shriram,DCMSHRIRAM.NS
DCMSRIND,DCM Shriram Industries,DCMSRIND.NS
DCW,DCW,DCW.NS
DCXINDIA,DCX Systems,DCXINDIA.NS
DECCANCE,Deccan Cements,DECCANCE.NS
DEEDEV,DEE Development Engineers,DEEDEV.NS
DEEPAKFERT,Deepak Fertilizers and Petrochemicals Corporation,DEEPAKFERT.NS
DEEPAKNTR,Deepak Nitrite,DEEPAKNTR.NS
DEEPENR,DEEP ENERGY RESOURCES,DEEPENR.NS
DEEPINDS,Deep Industries,DEEPINDS.NS
DELHIVERY,Delhivery,DELHIVERY.NS
DELPHIFX,DELPHI WORLD MONEY,DELPHIFX.NS
DELTACORP,Delta Corp,DELTACORP.NS
DELTAMAGNT,Delta Manufacturing,DELTAMAGNT.NS
DEN,Den Networks,DEN.NS
DENORA,De Nora India,DENORA.NS
DEVIT,Dev Information Technology,DEVIT.NS
DEVYANI,Devyani International,DEVYANI.NS
DGCONTENT,Digicontent,DGCONTENT.NS
DHAMPURSUG,Dhampur Sugar Mills,DHAMPURSUG.NS
DHANBANK,Dhanlaxmi Bank,DHANBANK.NS
DHANI,Dhani Services,DHANI.NS
DHANUKA,Dhanuka Agritech,DHANUKA.NS
DHARMAJ,Dharmaj Crop Guard,DHARMAJ.NS
DHRUV,Dhruv Consultancy Services,DHRUV.NS
DHUNINV,Dhunseri Investments,DHUNINV.NS
DIACABS,Diamond Power Infrastructure,DIACABS.NS
DIAMINESQ,Diamines & Chemicals,DIAMINESQ.NS
DIAMONDYD,Prataap Snacks,DIAMONDYD.NS
DICIND,DIC India,DICIND.NS
DIGIDRIVE,Digidrive Distributors,DIGIDRIVE.NS
DIGISPICE,DiGiSPICE Technologies,DIGISPICE.NS
DIGJAMLMTD,Digjam,DIGJAMLMTD.NS
DIL,Debock Industries,DIL.NS
DISHTV,Dish TV India,DISHTV.NS
DIVGIITTS,Divgi Torqtransfer Systems,DIVGIITTS.NS
DIVISLAB,Divi's Laboratories,DIVISLAB.NS
DIXON,Dixon Technologies (India),DIXON.NS
DJML,DJ Mediaprint & Logistics,DJML.NS
DLF,DLF,DLF.NS
DLINKINDIA,D-Link (India),DLINKINDIA.NS
DMART,Avenue Supermarts,DMART.NS
DMCC,DMCC SPECIALITY CHEMICALS,DMCC.NS
DNAMEDIA,Diligent Media Corporation,DNAMEDIA.NS
DODLA,Dodla Dairy,DODLA.NS
DOLATALGO,Dolat Algotech,DOLATALGO.NS
DOLLAR,Dollar Industries,DOLLAR.NS
DOLPHIN,Dolphin Offshore Enterprises (India),DOLPHIN.NS
DOMS,DOMS Industries,DOMS.NS
DONEAR,Donear Industries,DONEAR.NS
DPABHUSHAN,D. P. Abhushan,DPABHUSHAN.NS
DPSCLTD,DPSC,DPSCLTD.NS
DPWIRES,D P Wires,DPWIRES.NS
DRCSYSTEMS,DRC Systems India,DRCSYSTEMS.NS
DREAMFOLKS,Dreamfolks Services,DREAMFOLKS.NS
DREDGECORP,Dredging Corporation of India,DREDGECORP.NS
DRREDDY,Dr. Reddy's Laboratories,DRREDDY.NS
DSSL,Dynacons Systems & Solutions,DSSL.NS
DTIL,Dhunseri Tea & Industries,DTIL.NS
DUCON,Ducon Infratechnologies,DUCON.NS
DVL,Dhunseri Ventures,DVL.NS
DWARKESH,Dwarikesh Sugar Industries,DWARKESH.NS
DYCL,Dynamic Cables,DYCL.NS
DYNAMATECH,Dynamatic Technologies,DYNAMATECH.NS
DYNPRO,Dynemic Products,DYNPRO.NS
E2E,E2E Networks,E2E.NS
EASEMYTRIP,Easy Trip Planners,EASEMYTRIP.NS
ECLERX,eClerx Services,ECLERX.NS
ECOSMOBLTY,Ecos (India) Mobility & Hospitality,ECOSMOBLTY.NS
EDELWEISS,Edelweiss Financial Services,EDELWEISS.NS
EICHERMOT,Eicher Motors,EICHERMOT.NS
EIDPARRY,EID Parry India,EIDPARRY.NS
EIFFL,Euro India Fresh Foods,EIFFL.NS
EIHAHOTELS,EIH Associated Hotels,EIHAHOTELS.NS
EIHOTEL,EIH,EIHOTEL.NS
EIMCOELECO,Eimco Elecon (India),EIMCOELECO.NS
EKC,Everest Kanto Cylinder,EKC.NS
ELDEHSG,Eldeco Housing And Industries,ELDEHSG.NS
ELECON,Elecon Engineering Company,ELECON.NS
ELECTCAST,Electrosteel Castings,ELECTCAST.NS
ELECTHERM,Electrotherm (India),ELECTHERM.NS
ELGIEQUIP,Elgi Equipments,ELGIEQUIP.NS
ELGIRUBCO,Elgi Rubber Company,ELGIRUBCO.NS
ELIN,Elin Electronics,ELIN.NS
EMAMILTD,Emami,EMAMILTD.NS
EMAMIPAP,Emami Paper Mills,EMAMIPAP.NS
EMAMIREAL,Emami Realty,EMAMIREAL.NS
EMBDL,Equinox India Developments,EMBDL.NS
EMCURE,Emcure Pharmaceuticals,EMCURE.NS
EMIL,Electronics Mart India,EMIL.NS
EMKAY,Emkay Global Financial Services,EMKAY.NS
EMMBI,Emmbi Industries,EMMBI.NS
EMSLIMITED,EMS,EMSLIMITED.NS
EMUDHRA,eMudhra,EMUDHRA.NS
ENDURANCE,Endurance Technologies,ENDURANCE.NS
ENERGYDEV,Energy Development Company,ENERGYDEV.NS
ENGINERSIN,Engineers India,ENGINERSIN.NS
ENIL,Entertainment Network (India),ENIL.NS
ENTERO,Entero Healthcare Solutions,ENTERO.NS
EPACK,EPACK Durable,EPACK.NS
EPIGRAL,Epigral,EPIGRAL.NS
EPL,EPL,EPL.NS
EQUIPPP,Equippp Social Impact Technologies,EQUIPPP.NS
EQUITASBNK,Equitas Small Finance Bank,EQUITASBNK.NS
ERIS,Eris Lifesciences,ERIS.NS
EROSMEDIA,Eros International Media,EROSMEDIA.NS
ESABINDIA,Esab India,ESABINDIA.NS
ESAFSFB,ESAF Small Finance Bank,ESAFSFB.NS
ESCORTS,Escorts Kubota,ESCORTS.NS
ESSARSHPNG,Essar Shipping,ESSARSHPNG.NS
ESSENTIA,Integra Essentia,ESSENTIA.NS
ESTER,Ester Industries,ESTER.NS
ETHOSLTD,Ethos,ETHOSLTD.NS
EUROTEXIND,Eurotex Industries and Exports,EUROTEXIND.NS
EVEREADY,Eveready Industries India,EVEREADY.NS
EVERESTIND,Everest Industries,EVERESTIND.NS
EXCEL,Excel Realty N Infra,EXCEL.NS
EXCELINDUS,Excel Industries,EXCELINDUS.NS
EXICOM,Exicom Tele-Systems,EXICOM.NS
EXIDEIND,Exide Industries,EXIDEIND.NS
EXPLEOSOL,Expleo Solutions,EXPLEOSOL.NS
EXXARO,Exxaro Tiles,EXXARO.NS
FACT,Fertilizers and Chemicals Travancore,FACT.NS
FAIRCHEMOR,Fairchem Organics,FAIRCHEMOR.NS
FAZE3Q,Faze Three,FAZE3Q.NS
FCL,Fineotex Chemical,FCL.NS
FCSSOFT,FCS Software Solutions,FCSSOFT.NS
FDC,FDC,FDC.NS
FEDERALBNK,The Federal Bank,FEDERALBNK.NS
FEDFINA,Fedbank Financial Services,FEDFINA.NS
FEL,Future Enterprises,FEL.NS
FELDVR,Future Enterprises,FELDVR.NS
FIBERWEB,Fiberweb (India),FIBERWEB.NS
FIEMIND,Fiem Industries,FIEMIND.NS
FILATEX,Filatex India,FILATEX.NS
FILATFASH,Filatex Fashions,FILATFASH.NS
FINCABLES,Finolex Cables,FINCABLES.NS
FINEORG,Fine Organic Industries,FINEORG.NS
FINOPB,Fino Payments Bank,FINOPB.NS
FINPIPE,Finolex Industries,FINPIPE.NS
FIRSTCRY,Brainbees Solutions,FIRSTCRY.NS
FIVESTAR,Five-Star Business Finance,FIVESTAR.NS
FLAIR,Flair Writing Industries,FLAIR.NS
FLEXITUFF,Flexituff Ventures International,FLEXITUFF.NS
FLFL,Future Lifestyle Fashions,FLFL.NS
FLUOROCHEM,Gujarat Fluorochemicals,FLUOROCHEM.NS
FMGOETZE,Federal-Mogul Goetze (India) .,FMGOETZE.NS
FMNL,Future Market Networks,FMNL.NS
FOCUS,Focus Lighting and Fixtures,FOCUS.NS
FOODSIN,Foods & Inns,FOODSIN.NS
FORCEMOT,FORCE MOTORS LTD,FORCEMOT.NS
FORTIS,Fortis Healthcare,FORTIS.NS
FOSECOIND,Foseco India,FOSECOIND.NS
FSC,Future Supply Chain Solutions,FSC.NS
FSL,Firstsource Solutions,FSL.NS
FUSION,Fusion Micro Finance,FUSION.NS
GABRIEL,Gabriel India,GABRIEL.NS
GAEL,Gujarat Ambuja Exports,GAEL.NS
GAIL,GAIL (India),GAIL.NS
GALAXYSURF,Galaxy Surfactants,GALAXYSURF.NS
GALLANTT,Gallantt Ispat,GALLANTT.NS
GANDHAR,Gandhar Oil Refinery (India),GANDHAR.NS
GANDHITUBE,Gandhi Special Tubes,GANDHITUBE.NS
GANECOS,Ganesha Ecosphere,GANECOS.NS
GANESHBE,Ganesh Benzoplast,GANESHBE.NS
GANESHHOUC,Ganesh Housing Corporation,GANESHHOUC.NS
GANGAFORGE,Ganga Forging,GANGAFORGE.NS
GANGESSECU,Ganges Securities,GANGESSECU.NS
GARFIBRES,Garware Technical Fibres,GARFIBRES.NS
GATECH,GACM Technologies,GATECH.NS
GATECHDVR,GACM Technologies,GATECHDVR.NS
GATEWAY,Gateway Distriparks,GATEWAY.NS
GEECEE,GeeCee Ventures,GEECEE.NS
GEEKAYWIRE,Geekay Wires,GEEKAYWIRE.NS
GENCON,Generic Engineering Construction and Projects,GENCON.NS
GENESYS,Genesys International Corporation,GENESYS.NS
GENSOL,Gensol Engineering,GENSOL.NS
GENUSPAPER,Genus Paper & Boards,GENUSPAPER.NS
GENUSPOWER,Genus Power Infrastructures,GENUSPOWER.NS
GEOJITFSL,Geojit Financial Services,GEOJITFSL.NS
GEPIL,GE Power India,GEPIL.NS
GESHIP,The Great Eastern Shipping Company,GESHIP.NS
GET&D,GE T&D India,GET&D.NS
GFLLIMITED,GFL,GFLLIMITED.NS
GHCL,GHCL,GHCL.NS
GHCLTEXTIL,GHCL Textiles,GHCLTEXTIL.NS
GICHSGFIN,GIC Housing Finance,GICHSGFIN.NS
GICRE,General Insurance Corporation of India,GICRE.NS
GILLANDERS,Gillanders Arbuthnot & Company,GILLANDERS.NS
GILLETTE,Gillette India,GILLETTE.NS
GINNIFILA,Ginni Filaments,GINNIFILA.NS
GIPCL,Gujarat Industries Power Company,GIPCL.NS
GKWLIMITED,GKW,GKWLIMITED.NS
GLAND,Gland Pharma,GLAND.NS
GLAXO,GlaxoSmithKline Pharmaceuticals,GLAXO.NS
GLENMARK,Glenmark Pharmaceuticals,GLENMARK.NS
GLFL,Gujarat Lease Financing,GLFL.NS
GLOBAL,Global Education,GLOBAL.NS
GLOBALE,Globale Tessile,GLOBALE.NS
GLOBALVECT,Global Vectra Helicorp,GLOBALVECT.NS
GLOBE,Globe Textiles (India),GLOBE.NS
GLOBUSSPR,Globus Spirits,GLOBUSSPR.NS
GLOSTERLTD,Gloster,GLOSTERLTD.NS
GLS,Glenmark Life Sciences,GLS.NS
GMBREW,GM Breweries,GMBREW.NS
GMDCLTD,Gujarat Mineral Development Corporation,GMDCLTD.NS
GMMPFAUDLR,GMM Pfaudler,GMMPFAUDLR.NS
GMRINFRA,GMR Airports Infrastructure,GMRINFRA.NS
GMRP&UI,GMR Power and Urban Infra,GMRP&UI.NS
GNA,GNA Axles,GNA.NS
GNFC,Gujarat Narmada Valley Fertilizers and Chemicals,GNFC.NS
GOACARBON,Goa Carbon,GOACARBON.NS
GOCLCORP,GOCL Corporation,GOCLCORP.NS
GOCOLORS,Go Fashion (India),GOCOLORS.NS
GODFRYPHLP,Godfrey Phillips India,GODFRYPHLP.NS
GODHA,Godha Cabcon & Insulation,GODHA.NS
GODIGIT,Go Digit General Insurance,GODIGIT.NS
GODREJAGRO,Godrej Agrovet,GODREJAGRO.NS
GODREJCP,Godrej Consumer Products,GODREJCP.NS
GODREJIND,Godrej Industries,GODREJIND.NS
GODREJPROP,Godrej Properties,GODREJPROP.NS
GOENKA,Goenka Diamond and Jewels,GOENKA.NS
GOKEX,Gokaldas Exports,GOKEX.NS
GOKUL,Gokul Refoils and Solvent,GOKUL.NS
GOKULAGRO,Gokul Agro Resources,GOKULAGRO.NS
GOLDENTOBC,Golden Tobacco,GOLDENTOBC.NS
GOLDIAM,Goldiam International,GOLDIAM.NS
GOLDTECH,AION-TECH SOLUTIONS,GOLDTECH.NS
GOODLUCK,Goodluck India,GOODLUCK.NS
GOPAL,Gopal Snacks,GOPAL.NS
GOYALALUM,Goyal Aluminiums,GOYALALUM.NS
GPIL,Godawari Power And Ispat,GPIL.NS
GPPL,Gujarat Pipavav Port,GPPL.NS
GPTHEALTH,GPT Healthcare,GPTHEALTH.NS
GPTINFRA,GPT Infraprojects,GPTINFRA.NS
GRANULES,Granules India,GRANULES.NS
GRAPHITE,Graphite India,GRAPHITE.NS
GRASIM,Grasim Industries,GRASIM.NS
GRAVITA,Gravita India,GRAVITA.NS
GREAVESCOT,Greaves Cotton,GREAVESCOT.NS
GREEN-RE1,Orient Green Power Co Ltd-RE,GREEN-RE1.NS
GREENLAM,Greenlam Industries,GREENLAM.NS
GREENPANEL,Greenpanel Industries,GREENPANEL.NS
GREENPLY,Greenply Industries,GREENPLY.NS
GREENPOWER,Orient Green Power Company,GREENPOWER.NS
GRINDWELL,Grindwell Norton,GRINDWELL.NS
GRINFRA,G R Infraprojects,GRINFRA.NS
GRMOVER,GRM Overseas,GRMOVER.NS
GROBTEA,The Grob Tea Company,GROBTEA.NS
GRPLTD,GRP,GRPLTD.NS
GRSE,Garden Reach Shipbuilders & Engineers,GRSE.NS
GRWRHITECH,Garware Hi-Tech Films,GRWRHITECH.NS
GSFC,Gujarat State Fertilizers & Chemicals,GSFC.NS
GSLSU,Global Surfaces,GSLSU.NS
GSPL,Gujarat State Petronet,GSPL.NS
GSS,GSS Infotech,GSS.NS
GTECJAINX,G-TEC JAINX EDUCATION,GTECJAINX.NS
GTL,GTL,GTL.NS
GTLINFRA,GTL Infrastructure,GTLINFRA.NS
GTPL,GTPL Hathway,GTPL.NS
GUFICBIO,Gufic Biosciences,GUFICBIO.NS
GUJALKALI,Gujarat Alkalies and Chemicals,GUJALKALI.NS
GUJAPOLLO,Gujarat Apollo Industries,GUJAPOLLO.NS
GUJGASLTD,Gujarat Gas,GUJGASLTD.NS
GUJRAFFIA,Gujarat Raffia Industries,GUJRAFFIA.NS
GULFOILLUB,Gulf Oil Lubricants India,GULFOILLUB.NS
GULFPETRO,GP Petroleums,GULFPETRO.NS
GULPOLY,Gulshan Polyols,GULPOLY.NS
GVKPIL,GVK Power & Infrastructure,GVKPIL.NS
GVPTECH,GVP Infotech,GVPTECH.NS
HAL,Hindustan Aeronautics,HAL.NS
HAPPSTMNDS,Happiest Minds Technologies,HAPPSTMNDS.NS
HAPPYFORGE,Happy Forgings,HAPPYFORGE.NS
HARDWYN,Hardwyn India,HARDWYN.NS
HARIOMPIPE,Hariom Pipe Industries,HARIOMPIPE.NS
HARRMALAYA,Harrisons Malayalam,HARRMALAYA.NS
HARSHA,Harsha Engineers International,HARSHA.NS
HATHWAY,Hathway Cable & Datacom,HATHWAY.NS
HATSUN,Hatsun Agro Product,HATSUN.NS
HAVELLS,Havells India,HAVELLS.NS
HAVISHA,Sri Havisha Hospitality and Infrastructure,HAVISHA.NS
HBLPOWER,HBL Power Systems,HBLPOWER.NS
HBSL,HB Stockholdings,HBSL.NS
HCC,Hindustan Construction Company,HCC.NS
HCG,Healthcare Global Enterprises,HCG.NS
HCL-INSYS,HCL Infosystems,HCL-INSYS.NS
HCLTECH,HCL Technologies,HCLTECH.NS
HDFCAMC,HDFC Asset Management Company,HDFCAMC.NS
HDFCBANK,HDFC Bank,HDFCBANK.NS
HDFCLIFE,HDFC Life Insurance Company,HDFCLIFE.NS
HEADSUP,Heads UP Ventures,HEADSUP.NS
HECPROJECT,HEC Infra Projects,HECPROJECT.NS
HEG,HEG,HEG.NS
HEIDELBERG,HeidelbergCement India,HEIDELBERG.NS
HEMIPROP,Hemisphere Properties India,HEMIPROP.NS
HERANBA,Heranba Industries,HERANBA.NS
HERCULES,Hercules Hoists,HERCULES.NS
HERITGFOOD,Heritage Foods,HERITGFOOD.NS
HEROMOTOCO,Hero MotoCorp,HEROMOTOCO.NS
HESTERBIO,Hester Biosciences,HESTERBIO.NS
HEUBACHIND,Heubach Colorants India,HEUBACHIND.NS
HEXATRADEX,Hexa Tradex,HEXATRADEX.NS
HFCL,HFCL,HFCL.NS
HGINFRA,H.G. Infra Engineering,HGINFRA.NS
HGS,Hinduja Global Solutions,HGS.NS
HIKAL,Hikal,HIKAL.NS
HIL,HIL,HIL.NS
HILTON,Hilton Metal Forging,HILTON.NS
HIMATSEIDE,Himatsingka Seide,HIMATSEIDE.NS
HINDALCO,Hindalco Industries,HINDALCO.NS
HINDCOMPOS,Hindustan Composites,HINDCOMPOS.NS
HINDCON,Hindcon Chemicals,HINDCON.NS
HINDCOPPER,Hindustan Copper,HINDCOPPER.NS
HINDMOTORS,Hindustan Motors,HINDMOTORS.NS
HINDNATGLS,Hindusthan National Glass & Industries,HINDNATGLS.NS
HINDOILEXP,Hindustan Oil Exploration Company,HINDOILEXP.NS
HINDPETRO,Hindustan Petroleum Corporation,HINDPETRO.NS
HINDUNILVR,Hindustan Unilever,HINDUNILVR.NS
HINDWAREAP,Hindware Home Innovation,HINDWAREAP.NS
HINDZINC,Hindustan Zinc,HINDZINC.NS
HIRECT,Hind Rectifiers,HIRECT.NS
HISARMETAL,Hisar Metal Industries,HISARMETAL.NS
HITECH,Hi-Tech Pipes,HITECH.NS
HITECHCORP,Hitech Corporation,HITECHCORP.NS
HITECHGEAR,The Hi-Tech Gears,HITECHGEAR.NS
HLEGLAS,HLE Glascoat,HLEGLAS.NS
HLVLTD,HLV,HLVLTD.NS
HMAAGRO,HMA Agro Industries,HMAAGRO.NS
HMT,HMT,HMT.NS
HMVL,Hindustan Media Ventures,HMVL.NS
HNDFDS,Hindustan Foods,HNDFDS.NS
HOMEFIRST,Home First Finance Company India,HOMEFIRST.NS
HONASA,Honasa Consumer,HONASA.NS
HONAUT,Honeywell Automation India,HONAUT.NS
HONDAPOWER,Honda India Power Products,HONDAPOWER.NS
HOVS,HOV Services,HOVS.NS
HPAL,HP Adhesives,HPAL.NS
HPIL,Hindprakash Industries,HPIL.NS
HPL,HPL Electric & Power,HPL.NS
HSCL,Himadri Speciality Chemical,HSCL.NS
HTMEDIA,HT Media,HTMEDIA.NS
HUBTOWN,Hubtown,HUBTOWN.NS
HUDCO,Housing & Urban Development Corporation,HUDCO.NS
HUHTAMAKI,Huhtamaki India,HUHTAMAKI.NS
HYBRIDFIN,Hybrid Financial Services,HYBRIDFIN.NS
ICDSLTD,ICDS,ICDSLTD.NS
ICEMAKE,Ice Make Refrigeration,ICEMAKE.NS
ICICIBANK,ICICI Bank,ICICIBANK.NS
ICICIGI,ICICI Lombard General Insurance Company,ICICIGI.NS
ICICIPRULI,ICICI Prudential Life Insurance Company,ICICIPRULI.NS
ICIL,Indo Count Industries,ICIL.NS
ICRA,ICRA,ICRA.NS
IDBI,IDBI Bank,IDBI.NS
IDEA,Vodafone Idea,IDEA.NS
IDEAFORGE,Ideaforge Technology,IDEAFORGE.NS
IDFC,IDFC,IDFC.NS
IDFCFIRSTB,IDFC First Bank,IDFCFIRSTB.NS
IEL,Indiabulls Enterprises,IEL.NS
IEX,Indian Energy Exchange,IEX.NS
IFBAGRO,IFB Agro Industries,IFBAGRO.NS
IFBIND,IFB Industries,IFBIND.NS
IFCI,IFCI,IFCI.NS
IFGLEXPOR,IFGL Refractories,IFGLEXPOR.NS
IGARASHI,Igarashi Motors India,IGARASHI.NS
IGL,Indraprastha Gas,IGL.NS
IGPL,IG Petrochemicals,IGPL.NS
IIFL,IIFL Finance,IIFL.NS
IIFLSEC,IIFL Securities,IIFLSEC.NS
IITL,Industrial Investment Trust,IITL.NS
IKIO,IKIO Lighting,IKIO.NS
IL&FSENGG,IL&FS Engineering and Construction Company,IL&FSENGG.NS
IL&FSTRANS,IL&FS Transportation Networks,IL&FSTRANS.NS
IMAGICAA,Imagicaaworld Entertainment,IMAGICAA.NS
IMFA,Indian Metals & Ferro Alloys,IMFA.NS
IMPAL,India Motor Parts and Accessories,IMPAL.NS
IMPEXFERRO,Impex Ferro Tech,IMPEXFERRO.NS
INCREDIBLE,INCREDIBLE INDUSTRIES,INCREDIBLE.NS
INDBANK,Indbank Merchant Banking Services,INDBANK.NS
INDGN,Indegene,INDGN.NS
INDHOTEL,The Indian Hotels Company,INDHOTEL.NS
INDIACEM,The India Cements,INDIACEM.NS
INDIAGLYCO,India Glycols,INDIAGLYCO.NS
INDIAMART,Indiamart Intermesh,INDIAMART.NS
INDIANB,Indian Bank,INDIANB.NS
INDIANCARD,Indian Card Clothing Company,INDIANCARD.NS
INDIANHUME,Indian Hume Pipe Company,INDIANHUME.NS
INDIASHLTR,India Shelter Finance Corporation,INDIASHLTR.NS
INDIGO,InterGlobe Aviation,INDIGO.NS
INDIGOPNTS,Indigo Paints,INDIGOPNTS.NS
INDNIPPON,India Nippon Electricals,INDNIPPON.NS
INDOAMIN,Indo Amines,INDOAMIN.NS
INDOBORAX,Indo Borax & Chemicals,INDOBORAX.NS
INDOCO,Indoco Remedies,INDOCO.NS
INDORAMA,Indo Rama Synthetics (India),INDORAMA.NS
INDOSTAR,IndoStar Capital Finance,INDOSTAR.NS
INDOTECH,Indo Tech Transformers,INDOTECH.NS
INDOTHAI,Indo Thai Securities,INDOTHAI.NS
INDOWIND,Indowind Energy,INDOWIND.NS
INDRAMEDCO,Indraprastha Medical Corporation,INDRAMEDCO.NS
INDSWFTLAB,Ind-Swift Laboratories,INDSWFTLAB.NS
INDSWFTLTD,Ind-Swift,INDSWFTLTD.NS
INDTERRAIN,Indian Terrain Fashions,INDTERRAIN.NS
INDUSINDBK,IndusInd Bank,INDUSINDBK.NS
INDUSTOWER,Indus Towers,INDUSTOWER.NS
INFIBEAM,Infibeam Avenues,INFIBEAM.NS
INFOBEAN,InfoBeans Technologies,INFOBEAN.NS
INFOMEDIA,Infomedia Press,INFOMEDIA.NS
INFY,Infosys,INFY.NS
INGERRAND,Ingersoll Rand (India),INGERRAND.NS
INNOVACAP,Innova Captab,INNOVACAP.NS
INOXGREEN,Inox Green Energy Services,INOXGREEN.NS
INOXINDIA,INOX India,INOXINDIA.NS
INOXWIND,Inox Wind,INOXWIND.NS
INSECTICID,Insecticides (India),INSECTICID.NS
INSPIRISYS,Inspirisys Solutions,INSPIRISYS.NS
INTELLECT,Intellect Design Arena,INTELLECT.NS
INTENTECH,Intense Technologies,INTENTECH.NS
INTERARCH,Interarch Building Products,INTERARCH.NS
INTLCONV,International Conveyors,INTLCONV.NS
INVENTURE,Inventure Growth & Securities,INVENTURE.NS
IOB,Indian Overseas Bank,IOB.NS
IOC,Indian Oil Corporation,IOC.NS
IOLCP,IOL Chemicals and Pharmaceuticals,IOLCP.NS
IONEXCHANG,ION Exchange (India),IONEXCHANG.NS
IPCALAB,IPCA Laboratories,IPCALAB.NS
IPL,India Pesticides,IPL.NS
IRB,IRB Infrastructure Developers,IRB.NS
IRCON,Ircon International,IRCON.NS
IRCTC,Indian Railway Catering And Tourism Corporation,IRCTC.NS
IREDA,Indian Renewable Energy Development Agency,IREDA.NS
IRFC,Indian Railway Finance Corporation,IRFC.NS
IRIS,Iris Business Services,IRIS.NS
IRISDOREME,Iris Clothings,IRISDOREME.NS
IRMENERGY,IRM Energy,IRMENERGY.NS
ISEC,ICICI Securities,ISEC.NS
ISFT,Intrasoft Technologies,ISFT.NS
ISGEC,Isgec Heavy Engineering,ISGEC.NS
ITC,ITC,ITC.NS
ITDC,India Tourism Development Corporation,ITDC.NS
ITDCEM,ITD Cementation India,ITDCEM.NS
ITI,ITI,ITI.NS
IVC,IL&FS Investment Managers,IVC.NS
IVP,IVP,IVP.NS
IWEL,Inox Wind Energy,IWEL.NS
IXIGO,Le Travenues Technology,IXIGO.NS
IZMO,IZMO,IZMO.NS
J&KBANK,The Jammu & Kashmir Bank,J&KBANK.NS
JAGRAN,Jagran Prakashan,JAGRAN.NS
JAGSNPHARM,Jagsonpal Pharmaceuticals,JAGSNPHARM.NS
JAIBALAJI,Jai Balaji Industries,JAIBALAJI.NS
JAICORPLTD,Jai Corp,JAICORPLTD.NS
JAIPURKURT,Nandani Creation,JAIPURKURT.NS
JAMNAAUTO,Jamna Auto Industries,JAMNAAUTO.NS
JASH,Jash Engineering,JASH.NS
JAYAGROGN,Jayant Agro Organics,JAYAGROGN.NS
JAYBARMARU,Jay Bharat Maruti,JAYBARMARU.NS
JAYNECOIND,Jayaswal Neco Industries,JAYNECOIND.NS
JAYSREETEA,Jayshree Tea & Industries,JAYSREETEA.NS
JBCHEPHARM,JB Chemicals & Pharmaceuticals,JBCHEPHARM.NS
JBMA,JBM Auto,JBMA.NS
JCHAC,Johnson Controls - Hitachi Air Conditioning India,JCHAC.NS
JETAIRWAYS,Jet Airways (India),JETAIRWAYS.NS
JETFREIGHT,Jet Freight Logistics,JETFREIGHT.NS
JGCHEM,J.G.Chemicals,JGCHEM.NS
JHS,JHS Svendgaard Laboratories,JHS.NS
JINDALPHOT,Jindal Photo,JINDALPHOT.NS
JINDALPOLY,Jindal Poly Films,JINDALPOLY.NS
JINDALSAW,Jindal Saw,JINDALSAW.NS
JINDALSTEL,Jindal Steel & Power,JINDALSTEL.NS
JINDRILL,Jindal Drilling And Industries,JINDRILL.NS
JINDWORLD,Jindal Worldwide,JINDWORLD.NS
JIOFIN,Jio Financial Services,JIOFIN.NS
JISLDVREQS,Jain Irrigation Systems,JISLDVREQS.NS
JISLJALEQS,Jain Irrigation Systems,JISLJALEQS.NS
JITFINFRA,JITF Infralogistics,JITFINFRA.NS
JKCEMENT,JK Cement,JKCEMENT.NS
JKIL,J.Kumar Infraprojects,JKIL.NS
JKLAKSHMI,JK Lakshmi Cement,JKLAKSHMI.NS
JKPAPER,JK Paper,JKPAPER.NS
JKTYRE,JK Tyre & Industries,JKTYRE.NS
JLHL,Jupiter Life Line Hospitals,JLHL.NS
JMA,Jullundur Motor Agency (Delhi),JMA.NS
JMFINANCIL,JM Financial,JMFINANCIL.NS
JNKINDIA,JNK India,JNKINDIA.NS
JOCIL,Jocil,JOCIL.NS
JPOLYINVST,Jindal Poly Investment and Finance Company,JPOLYINVST.NS
JPPOWER,Jaiprakash Power Ventures,JPPOWER.NS
JSFB,Jana Small Finance Bank,JSFB.NS
JSL,Jindal Stainless,JSL.NS
JSWENERGY,JSW Energy,JSWENERGY.NS
JSWHL,JSW Holdings,JSWHL.NS
JSWINFRA,JSW Infrastructure,JSWINFRA.NS
JSWSTEEL,JSW Steel,JSWSTEEL.NS
JTEKTINDIA,Jtekt India,JTEKTINDIA.NS
JTLIND,JTL INDUSTRIES,JTLIND.NS
JUBLFOOD,Jubilant Foodworks,JUBLFOOD.NS
JUBLINDS,Jubilant Industries,JUBLINDS.NS
JUBLINGREA,Jubilant Ingrevia,JUBLINGREA.NS
JUBLPHARMA,Jubilant Pharmova,JUBLPHARMA.NS
JUNIPER,Juniper Hotels,JUNIPER.NS
JUSTDIAL,Just Dial,JUSTDIAL.NS
JWL,Jupiter Wagons,JWL.NS
JYOTHYLAB,Jyothy Labs,JYOTHYLAB.NS
JYOTICNC,Jyoti CNC Automation,JYOTICNC.NS
JYOTISTRUC,Jyoti Structures,JYOTISTRUC.NS
KABRAEXTRU,Kabra Extrusion Technik,KABRAEXTRU.NS
KAJARIACER,Kajaria Ceramics,KAJARIACER.NS
KAKATCEM,Kakatiya Cement Sugar & Industries,KAKATCEM.NS
KALAMANDIR,Sai Silks (Kalamandir),KALAMANDIR.NS
KALYANI,Kalyani Commercials,KALYANI.NS
KALYANIFRG,Kalyani Forge,KALYANIFRG.NS
KALYANKJIL,Kalyan Jewellers India,KALYANKJIL.NS
KAMATHOTEL,Kamat Hotels (I),KAMATHOTEL.NS
KAMDHENU,Kamdhenu,KAMDHENU.NS
KAMOPAINTS,Kamdhenu Ventures,KAMOPAINTS.NS
KANANIIND,Kanani Industries,KANANIIND.NS
KANORICHEM,Kanoria Chemicals & Industries,KANORICHEM.NS
KANPRPLA,Kanpur Plastipack,KANPRPLA.NS
KANSAINER,Kansai Nerolac Paints,KANSAINER.NS
KAPSTON,Kapston Services,KAPSTON.NS
KARMAENG,Karma Energy,KARMAENG.NS
KARURVYSYA,Karur Vysya Bank,KARURVYSYA.NS
KAUSHALYA,Kaushalya Infrastructure Development Corporation,KAUSHALYA.NS
KAVVERITEL,Kavveri Telecom Products,KAVVERITEL.NS
KAYA,Kaya,KAYA.NS
KAYNES,Kaynes Technology India,KAYNES.NS
KBCGLOBAL,KBC Global,KBCGLOBAL.NS
KCP,KCP,KCP.NS
KCPSUGIND,KCP Sugar and Industries Corporation,KCPSUGIND.NS
KDDL,KDDL,KDDL.NS
KEC,KEC International,KEC.NS
KECL,Kirloskar Electric Company,KECL.NS
KEEPLEARN,DSJ Keep Learning,KEEPLEARN.NS
KEI,KEI Industries,KEI.NS
KELLTONTEC,Kellton Tech Solutions,KELLTONTEC.NS
KERNEX,Kernex Microsystems (India),KERNEX.NS
KESORAMIND,Kesoram Industries,KESORAMIND.NS
KEYFINSERV,Keynote Financial Services,KEYFINSERV.NS
KFINTECH,Kfin Technologies,KFINTECH.NS
KHADIM,Khadim India,KHADIM.NS
KHAICHEM,Khaitan Chemicals & Fertilizers,KHAICHEM.NS
KHAITANLTD,Khaitan (India),KHAITANLTD.NS
KHANDSE,Khandwala Securities,KHANDSE.NS
KICL,Kalyani Investment Company,KICL.NS
KILITCH,Kilitch Drugs (India),KILITCH.NS
KIMS,Krishna Institute of Medical Sciences,KIMS.NS
KINGFA,Kingfa Science & Technology (India),KINGFA.NS
KIOCL,KIOCL,KIOCL.NS
KIRIINDUS,Kiri Industries,KIRIINDUS.NS
KIRLOSBROS,Kirloskar Brothers,KIRLOSBROS.NS
KIRLOSENG,Kirloskar Oil Engines,KIRLOSENG.NS
KIRLOSIND,Kirloskar Industries,KIRLOSIND.NS
KIRLPNU,Kirloskar Pneumatic Company,KIRLPNU.NS
KITEX,Kitex Garments,KITEX.NS
KKCL,Kewal Kiran Clothing,KKCL.NS
KMSUGAR,K.M.Sugar Mills,KMSUGAR.NS
KNRCON,KNR Constructions,KNRCON.NS
KOHINOOR,Kohinoor Foods,KOHINOOR.NS
KOKUYOCMLN,Kokuyo Camlin,KOKUYOCMLN.NS
KOLTEPATIL,Kolte - Patil Developers,KOLTEPATIL.NS
KOPRAN,Kopran,KOPRAN.NS
KOTAKBANK,Kotak Mahindra Bank,KOTAKBANK.NS
KOTARISUG,Kothari Sugars And Chemicals,KOTARISUG.NS
KOTHARIPET,Kothari Petrochemicals,KOTHARIPET.NS
KOTHARIPRO,Kothari Products,KOTHARIPRO.NS
KPIGREEN,KPI Green Energy,KPIGREEN.NS
KPIL,Kalpataru Projects International,KPIL.NS
KPITTECH,KPIT Technologies,KPITTECH.NS
KPRMILL,K.P.R. Mill,KPRMILL.NS
KRBL,KRBL,KRBL.NS
KREBSBIO,Krebs Biochemicals and Industries,KREBSBIO.NS
KRIDHANINF,Kridhan Infra,KRIDHANINF.NS
KRISHANA,Krishana Phoschem,KRISHANA.NS
KRITI,Kriti Industries (India),KRITI.NS
KRITIKA,Kritika Wires,KRITIKA.NS
KRITINUT,Kriti Nutrients,KRITINUT.NS
KRONOX,Kronox Lab Sciences,KRONOX.NS
KRSNAA,Krsnaa Diagnostics,KRSNAA.NS
KRYSTAL,Krystal Integrated Services,KRYSTAL.NS
KSB,Ksb,KSB.NS
KSCL,Kaveri Seed Company,KSCL.NS
KSHITIJPOL,Kshitij Polyline,KSHITIJPOL.NS
KSL,Kalyani Steels,KSL.NS
KSOLVES,Ksolves India,KSOLVES.NS
KTKBANK,The Karnataka Bank,KTKBANK.NS
KUANTUM,Kuantum Papers,KUANTUM.NS
LAGNAM,Lagnam Spintex,LAGNAM.NS
LAKPRE,Lakshmi Precision Screws,LAKPRE.NS
LAL,Lorenzini Apparels,LAL.NS
LALPATHLAB,Dr. Lal Path Labs Ltd.,LALPATHLAB.NS
LAMBODHARA,Lambodhara Textiles,LAMBODHARA.NS
LANCORHOL,Lancor Holdings,LANCORHOL.NS
LANDMARK,Landmark Cars,LANDMARK.NS
LAOPALA,La Opala RG,LAOPALA.NS
LASA,Lasa Supergenerics,LASA.NS
LATENTVIEW,Latent View Analytics,LATENTVIEW.NS
LATTEYS,Latteys Industries,LATTEYS.NS
LAURUSLABS,Laurus Labs,LAURUSLABS.NS
LAXMICOT,Laxmi Cotspin,LAXMICOT.NS
LAXMIMACH,Lakshmi Machine Works,LAXMIMACH.NS
LCCINFOTEC,LCC Infotech,LCCINFOTEC.NS
LEMONTREE,Lemon Tree Hotels,LEMONTREE.NS
LEXUS,Lexus Granito (India),LEXUS.NS
LFIC,Lakshmi Finance & Industrial Corporation,LFIC.NS
LGBBROSLTD,LG Balakrishnan & Bros,LGBBROSLTD.NS
LGHL,Laxmi Goldorna House,LGHL.NS
LIBAS,Libas Consumer Products,LIBAS.NS
LIBERTSHOE,Liberty Shoes,LIBERTSHOE.NS
LICHSGFIN,LIC Housing Finance,LICHSGFIN.NS
LICI,Life Insurance Corporation Of India,LICI.NS
LIKHITHA,Likhitha Infrastructure,LIKHITHA.NS
LINC,Linc,LINC.NS
LINCOLN,Lincoln Pharmaceuticals,LINCOLN.NS
LINDEINDIA,Linde India,LINDEINDIA.NS
LLOYDSENGG,LLOYDS ENGINEERING WORKS,LLOYDSENGG.NS
LLOYDSME,Lloyds Metals And Energy,LLOYDSME.NS
LODHA,Macrotech Developers,LODHA.NS
LOKESHMACH,Lokesh Machines,LOKESHMACH.NS
LORDSCHLO,Lords Chloro Alkali,LORDSCHLO.NS
LOTUSEYE,Lotus Eye Hospital and Institute,LOTUSEYE.NS
LOVABLE,Lovable Lingerie,LOVABLE.NS
LOYALTEX,Loyal Textile Mills,LOYALTEX.NS
LPDC,Landmark Property Development Company,LPDC.NS
LT,Larsen & Toubro,LT.NS
LTF,L&T Finance,LTF.NS
LTFOODS,LT Foods,LTFOODS.NS
LTIM,LTIMindtree,LTIM.NS
LTTS,L&T Technology Services,LTTS.NS
LUMAXIND,Lumax Industries,LUMAXIND.NS
LUMAXTECH,Lumax Auto Technologies,LUMAXTECH.NS
LUPIN,Lupin,LUPIN.NS
LUXIND,Lux Industries,LUXIND.NS
LXCHEM,Laxmi Organic Industries,LXCHEM.NS
LYKALABS,Lyka Labs,LYKALABS.NS
LYPSAGEMS,Lypsa Gems & Jewellery,LYPSAGEMS.NS
M&M,Mahindra & Mahindra,M&M.NS
M&MFIN,Mahindra & Mahindra Financial Services,M&MFIN.NS
MAANALU,Maan Aluminium,MAANALU.NS
MACPOWER,Macpower CNC Machines,MACPOWER.NS
MADHAV,Madhav Marbles and Granites,MADHAV.NS
MADHUCON,Madhucon Projects,MADHUCON.NS
MADRASFERT,Madras Fertilizers,MADRASFERT.NS
MAGADSUGAR,Magadh Sugar & Energy,MAGADSUGAR.NS
MAGNUM,Magnum Ventures,MAGNUM.NS
MAHABANK,Bank of Maharashtra,MAHABANK.NS
MAHAPEXLTD,Maha Rashtra Apex Corporation,MAHAPEXLTD.NS
MAHASTEEL,Mahamaya Steel Industries,MAHASTEEL.NS
MAHEPC,Mahindra EPC Irrigation,MAHEPC.NS
MAHESHWARI,Maheshwari Logistics,MAHESHWARI.NS
MAHLIFE,Mahindra Lifespace Developers,MAHLIFE.NS
MAHLOG,Mahindra Logistics,MAHLOG.NS
MAHSCOOTER,Maharashtra Scooters,MAHSCOOTER.NS
MAHSEAMLES,Maharashtra Seamless,MAHSEAMLES.NS
MAITHANALL,Maithan Alloys,MAITHANALL.NS
MALLCOM,Mallcom (India),MALLCOM.NS
MALUPAPER,Malu Paper Mills,MALUPAPER.NS
MANAKALUCO,Manaksia Aluminium Company,MANAKALUCO.NS
MANAKCOAT,Manaksia Coated Metals & Industries,MANAKCOAT.NS
MANAKSIA,Manaksia,MANAKSIA.NS
MANAKSTEEL,Manaksia Steels,MANAKSTEEL.NS
MANALIPETC,Manali Petrochemicals,MANALIPETC.NS
MANAPPURAM,Manappuram Finance,MANAPPURAM.NS
MANCREDIT,Mangal Credit and Fincorp,MANCREDIT.NS
MANGALAM,Mangalam Drugs And Organics,MANGALAM.NS
MANGCHEFER,Mangalore Chemicals & Fertilizers,MANGCHEFER.NS
MANGLMCEM,Mangalam Cement,MANGLMCEM.NS
MANINDS,Man Industries (India),MANINDS.NS
MANINFRA,Man Infraconstruction,MANINFRA.NS
MANKIND,Mankind Pharma,MANKIND.NS
MANOMAY,Manomay Tex India,MANOMAY.NS
MANORAMA,Manorama Industries,MANORAMA.NS
MANORG,Mangalam Organics,MANORG.NS
MANUGRAPH,Manugraph India,MANUGRAPH.NS
MANYAVAR,Vedant Fashions,MANYAVAR.NS
MAPMYINDIA,C.E. Info Systems,MAPMYINDIA.NS
MARALOVER,Maral Overseas,MARALOVER.NS
MARATHON,Marathon Nextgen Realty,MARATHON.NS
MARICO,Marico,MARICO.NS
MARINE,Marine Electricals (India),MARINE.NS
MARKSANS,Marksans Pharma,MARKSANS.NS
MARSHALL,Marshall Machines,MARSHALL.NS
MARUTI,Maruti Suzuki India,MARUTI.NS
MASFIN,MAS Financial Services,MASFIN.NS
MASKINVEST,Mask Investments,MASKINVEST.NS
MASTEK,Mastek,MASTEK.NS
MATRIMONY,Matrimony.Com,MATRIMONY.NS
MAWANASUG,Mawana Sugars,MAWANASUG.NS
MAXESTATES,Max Estates,MAXESTATES.NS
MAXHEALTH,Max Healthcare Institute,MAXHEALTH.NS
MAXIND,Max India,MAXIND.NS
MAYURUNIQ,Mayur Uniquoters Ltd,MAYURUNIQ.NS
MAZDA,Mazda,MAZDA.NS
MAZDOCK,Mazagon Dock Shipbuilders,MAZDOCK.NS
MBAPL,Madhya Bharat Agro Products,MBAPL.NS
MBECL,Mcnally Bharat Engineering Company,MBECL.NS
MBLINFRA,MBL Infrastructure,MBLINFRA.NS
MCL,Madhav Copper,MCL.NS
MCLEODRUSS,Mcleod Russel India,MCLEODRUSS.NS
MCX,Multi Commodity Exchange of India,MCX.NS
MEDANTA,Global Health,MEDANTA.NS
MEDIASSIST,Medi Assist Healthcare Services,MEDIASSIST.NS
MEDICAMEQ,Medicamen Biotech,MEDICAMEQ.NS
MEDICO,Medico Remedies,MEDICO.NS
MEDPLUS,Medplus Health Services,MEDPLUS.NS
MEGASOFT,Megasoft,MEGASOFT.NS
MEGASTAR,Megastar Foods,MEGASTAR.NS
MENONBE,Menon Bearings,MENONBE.NS
METROBRAND,Metro Brands,METROBRAND.NS
METROPOLIS,Metropolis Healthcare,METROPOLIS.NS
MFML,Mahalaxmi Fabric Mills,MFML.NS
MFSL,Max Financial Services,MFSL.NS
MGEL,Mangalam Global Enterprise,MGEL.NS
MGL,Mahanagar Gas,MGL.NS
MHLXMIRU,Mahalaxmi Rubtech,MHLXMIRU.NS
MHRIL,Mahindra Holidays & Resorts India,MHRIL.NS
MICEL,MIC Electronics,MICEL.NS
MIDHANI,Mishra Dhatu Nigam,MIDHANI.NS
MINDACORP,Minda Corporation,MINDACORP.NS
MINDTECK,Mindteck (India),MINDTECK.NS
MIRCELECTR,MIRC Electronics,MIRCELECTR.NS
MIRZAINT,Mirza International,MIRZAINT.NS
MITCON,MITCON Consultancy & Engineering Services,MITCON.NS
MITTAL,Mittal Life Style,MITTAL.NS
MKPL,M K Proteins,MKPL.NS
MMFL,MM Forgings,MMFL.NS
MMP,MMP Industries,MMP.NS
MMTC,MMTC,MMTC.NS
MODIRUBBER,Modi Rubber,MODIRUBBER.NS
MODISONLTD,MODISON,MODISONLTD.NS
MODTHREAD,Modern Threads (India),MODTHREAD.NS
MOHITIND,Mohit Industries,MOHITIND.NS
MOIL,MOIL,MOIL.NS
MOKSH,Moksh Ornaments,MOKSH.NS
MOL,Meghmani Organics,MOL.NS
MOLDTECH,Mold-Tek Technologies,MOLDTECH.NS
MOLDTKPAC,Mold-Tek Packaging,MOLDTKPAC.NS
MONARCH,Monarch Networth Capital,MONARCH.NS
MONTECARLO,Monte Carlo Fashions,MONTECARLO.NS
MOREPENLAB,Morepen Laboratories,MOREPENLAB.NS
MOTHERSON,Samvardhana Motherson International,MOTHERSON.NS
MOTILALOFS,Motilal Oswal Financial Services,MOTILALOFS.NS
MOTISONS,Motisons Jewellers,MOTISONS.NS
MOTOGENFIN,The Motor & General Finance,MOTOGENFIN.NS
MPHASIS,MphasiS,MPHASIS.NS
MPSLTD,MPS,MPSLTD.NS
MRF,MRF,MRF.NS
MRO-TEK,MRO-TEK Realty,MRO-TEK.NS
MRPL,Mangalore Refinery and Petrochemicals,MRPL.NS
MSPL,MSP Steel & Power,MSPL.NS
MSTCLTD,Mstc,MSTCLTD.NS
MSUMI,Motherson Sumi Wiring India,MSUMI.NS
MTARTECH,Mtar Technologies,MTARTECH.NS
MTNL,Mahanagar Telephone Nigam,MTNL.NS
MUFIN,Mufin Green Finance,MUFIN.NS
MUFTI,Credo Brands Marketing,MUFTI.NS
MUKANDLTD,Mukand,MUKANDLTD.NS
MUKKA,Mukka Proteins,MUKKA.NS
MUKTAARTS,Mukta Arts,MUKTAARTS.NS
MUNJALAU,Munjal Auto Industries,MUNJALAU.NS
MUNJALSHOW,Munjal Showa,MUNJALSHOW.NS
MURUDCERA,Murudeshwar Ceramics,MURUDCERA.NS
MUTHOOTCAP,Muthoot Capital Services,MUTHOOTCAP.NS
MUTHOOTFIN,Muthoot Finance,MUTHOOTFIN.NS
MUTHOOTMF,Muthoot Microfin,MUTHOOTMF.NS
MVGJL,Manoj Vaibhav Gems N Jewellers,MVGJL.NS
NACLIND,NACL Industries,NACLIND.NS
NAGAFERT,Nagarjuna Fertilizers and Chemicals,NAGAFERT.NS
NAGREEKCAP,Nagreeka Capital & Infrastructure,NAGREEKCAP.NS
NAGREEKEXP,Nagreeka Exports,NAGREEKEXP.NS
NAHARCAP,Nahar Capital and Financial Services,NAHARCAP.NS
NAHARINDUS,Nahar Industrial Enterprises,NAHARINDUS.NS
NAHARPOLY,Nahar Poly Films,NAHARPOLY.NS
NAHARSPING,Nahar Spinning Mills,NAHARSPING.NS
NAM-INDIA,Nippon Life India Asset Management,NAM-INDIA.NS
NARMADA,Narmada Agrobase,NARMADA.NS
NATCOPHARM,Natco Pharma,NATCOPHARM.NS
NATHBIOGEN,Nath Bio-Genes (India),NATHBIOGEN.NS
NATIONALUM,National Aluminium Company,NATIONALUM.NS
NAUKRI,Info Edge (India),NAUKRI.NS
NAVA,NAVA,NAVA.NS
NAVINFLUOR,Navin Fluorine International,NAVINFLUOR.NS
NAVKARCORP,Navkar Corporation,NAVKARCORP.NS
NAVNETEDUL,Navneet Education,NAVNETEDUL.NS
NAZARA,Nazara Technologies,NAZARA.NS
NBCC,NBCC (India),NBCC.NS
NBIFIN,N. B. I. Industrial Finance Company,NBIFIN.NS
NCC,NCC,NCC.NS
NCLIND,NCL Industries,NCLIND.NS
NDGL,Naga Dhunseri Group,NDGL.NS
NDL,Nandan Denim,NDL.NS
NDLVENTURE,NDL Ventures,NDLVENTURE.NS
NDRAUTO,Ndr Auto Components,NDRAUTO.NS
NDTV,New Delhi Television,NDTV.NS
NECCLTD,North Eastern Carrying Corporation,NECCLTD.NS
NECLIFE,Nectar Lifesciences,NECLIFE.NS
NELCAST,Nelcast,NELCAST.NS
NELCO,NELCO,NELCO.NS
NEOGEN,Neogen Chemicals,NEOGEN.NS
NESCO,Nesco,NESCO.NS
NESTLEIND,Nestle India,NESTLEIND.NS
NETWEB,Netweb Technologies India,NETWEB.NS
NETWORK18,Network18 Media & Investments,NETWORK18.NS
NEULANDLAB,Neuland Laboratories,NEULANDLAB.NS
NEWGEN,Newgen Software Technologies,NEWGEN.NS
NEXTMEDIA,Next Mediaworks,NEXTMEDIA.NS
NFL,National Fertilizers,NFL.NS
NGIL,Nakoda Group of Industries,NGIL.NS
NGLFINE,NGL Fine-Chem,NGLFINE.NS
NH,Narayana Hrudayalaya Ltd.,NH.NS
NHPC,NHPC,NHPC.NS
NIACL,The New India Assurance Company,NIACL.NS
NIBL,NRB Industrial Bearings,NIBL.NS
NIITLTD,NIIT,NIITLTD.NS
NIITMTS,NIIT Learning Systems,NIITMTS.NS
NILAINFRA,Nila Infrastructures,NILAINFRA.NS
NILASPACES,Nila Spaces,NILASPACES.NS
NILKAMAL,Nilkamal,NILKAMAL.NS
NINSYS,NINtec Systems,NINSYS.NS
NIPPOBATRY,Indo-National,NIPPOBATRY.NS
NIRAJ,Niraj Cement Structurals,NIRAJ.NS
NIRAJISPAT,Niraj Ispat Industries,NIRAJISPAT.NS
NITCO,Nitco,NITCO.NS
NITINSPIN,Nitin Spinners,NITINSPIN.NS
NITIRAJ,Nitiraj Engineers,NITIRAJ.NS
NKIND,NK Industries,NKIND.NS
NLCINDIA,NLC India,NLCINDIA.NS
NMDC,NMDC,NMDC.NS
NOCIL,NOCIL,NOCIL.NS
NOIDATOLL,Noida Toll Bridge Company,NOIDATOLL.NS
NORBTEAEXP,Norben Tea & Exports,NORBTEAEXP.NS
NOVAAGRI,Nova Agritech,NOVAAGRI.NS
NRAIL,N R Agarwal Industries,NRAIL.NS
NRBBEARING,NRB Bearing,NRBBEARING.NS
NRL,Nupur Recyclers,NRL.NS
NSIL,Nalwa Sons Investments,NSIL.NS
NSLNISP,NMDC Steel,NSLNISP.NS
NTPC,NTPC,NTPC.NS
NUCLEUS,Nucleus Software Exports,NUCLEUS.NS
NURECA,Nureca,NURECA.NS
NUVAMA,Nuvama Wealth Management,NUVAMA.NS
NUVOCO,Nuvoco Vistas Corporation,NUVOCO.NS
NYKAA,FSN E-Commerce Ventures,NYKAA.NS
OAL,Oriental Aromatics,OAL.NS
OBCL,Orissa Bengal Carrier,OBCL.NS
OBEROIRLTY,Oberoi Realty,OBEROIRLTY.NS
OCCL,Oriental Carbon & Chemicals,OCCL.NS
OFSS,Oracle Financial Services Software,OFSS.NS
OIL,Oil India,OIL.NS
OILCOUNTUB,Oil Country Tubular,OILCOUNTUB.NS
OLAELEC,Ola Electric Mobility,OLAELEC.NS
OLECTRA,Olectra Greentech,OLECTRA.NS
OMAXAUTO,Omax Autos,OMAXAUTO.NS
OMAXE,Omaxe,OMAXE.NS
OMINFRAL,OM INFRA,OMINFRAL.NS
OMKARCHEM,Omkar Speciality Chemicals,OMKARCHEM.NS
ONELIFECAP,Onelife Capital Advisors,ONELIFECAP.NS
ONEPOINT,One Point One Solutions,ONEPOINT.NS
ONGC,Oil & Natural Gas Corporation,ONGC.NS
ONMOBILE,OnMobile Global,ONMOBILE.NS
ONWARDTEC,Onward Technologies,ONWARDTEC.NS
OPTIEMUS,Optiemus Infracom,OPTIEMUS.NS
ORBTEXP,Orbit Exports,ORBTEXP.NS
ORCHPHARMA,Orchid Pharma,ORCHPHARMA.NS
ORICONENT,Oricon Enterprises,ORICONENT.NS
ORIENTALTL,Oriental Trimex,ORIENTALTL.NS
ORIENTBELL,Orient Bell,ORIENTBELL.NS
ORIENTCEM,Orient Cement,ORIENTCEM.NS
ORIENTCER,ORIENT CERATECH,ORIENTCER.NS
ORIENTELEC,Orient Electric,ORIENTELEC.NS
ORIENTHOT,Oriental Hotels,ORIENTHOT.NS
ORIENTLTD,Orient Press,ORIENTLTD.NS
ORIENTPPR,Orient Paper & Industries,ORIENTPPR.NS
ORIENTTECH,Orient Technologies,ORIENTTECH.NS
ORISSAMINE,The Orissa Minerals Development Company,ORISSAMINE.NS
ORTINGLOBE,ORTIN GLOBAL,ORTINGLOBE.NS
OSIAHYPER,Osia Hyper Retail,OSIAHYPER.NS
OSWALAGRO,Oswal Agro Mills,OSWALAGRO.NS
OSWALGREEN,Oswal Greentech,OSWALGREEN.NS
OSWALSEEDS,ShreeOswal Seeds And Chemicals,OSWALSEEDS.NS
PAGEIND,Page Industries,PAGEIND.NS
PAISALO,Paisalo Digital,PAISALO.NS
PAKKA,PAKKA,PAKKA.NS
PALASHSECU,Palash Securities,PALASHSECU.NS
PALREDTEC,Palred Technologies,PALREDTEC.NS
PANACEABIO,Panacea Biotec,PANACEABIO.NS
PANACHE,Panache Digilife,PANACHE.NS
PANAMAPET,Panama Petrochem,PANAMAPET.NS
PANSARI,Pansari Developers,PANSARI.NS
PAR,Par Drugs And Chemicals,PAR.NS
PARACABLES,Paramount Communications,PARACABLES.NS
PARADEEP,Paradeep Phosphates,PARADEEP.NS
PARAGMILK,Parag Milk Foods,PARAGMILK.NS
PARAS,Paras Defence and Space Technologies,PARAS.NS
PARASPETRO,Paras Petrofils,PARASPETRO.NS
PARKHOTELS,Apeejay Surrendra Park Hotels,PARKHOTELS.NS
PARSVNATH,Parsvnath Developers,PARSVNATH.NS
PASUPTAC,Pasupati Acrylon,PASUPTAC.NS
PATANJALI,Patanjali Foods,PATANJALI.NS
PATELENG,Patel Engineering,PATELENG.NS
PATINTLOG,Patel Integrated Logistics,PATINTLOG.NS
PAVNAIND,Pavna Industries,PAVNAIND.NS
PAYTM,One 97 Communications,PAYTM.NS
PCBL,PCBL,PCBL.NS
PCJEWELLER,PC Jeweller,PCJEWELLER.NS
PDMJEPAPER,Pudumjee Paper Products,PDMJEPAPER.NS
PDSL,PDS,PDSL.NS
PEARLPOLY,Pearl Polymers,PEARLPOLY.NS
PEL,Piramal Enterprises,PEL.NS
PENIND,Pennar Industries,PENIND.NS
PENINLAND,Peninsula Land,PENINLAND.NS
PERSISTENT,Persistent Systems,PERSISTENT.NS
PETRONET,Petronet LNG,PETRONET.NS
PFC,Power Finance Corporation,PFC.NS
PFIZER,Pfizer,PFIZER.NS
PFOCUS,Prime Focus,PFOCUS.NS
PFS,PTC India Financial Services,PFS.NS
PGEL,PG Electroplast,PGEL.NS
PGHH,Procter & Gamble Hygiene and Health Care,PGHH.NS
PGHL,Procter & Gamble Health,PGHL.NS
PGIL,Pearl Global Industries,PGIL.NS
PHOENIXLTD,The Phoenix Mills,PHOENIXLTD.NS
PIDILITIND,Pidilite Industries,PIDILITIND.NS
PIGL,Power & Instrumentation (Gujarat),PIGL.NS
PIIND,PI Industries,PIIND.NS
PILANIINVS,Pilani Investment and Industries Corporation,PILANIINVS.NS
PILITA,PIL ITALICA LIFESTYLE,PILITA.NS
PIONEEREMB,Pioneer Embroideries,PIONEEREMB.NS
PITTIENG,Pitti Engineering,PITTIENG.NS
PIXTRANS,Pix Transmissions,PIXTRANS.NS
PKTEA,The Peria Karamalai Tea & Produce Company,PKTEA.NS
PLASTIBLEN,Plastiblends India,PLASTIBLEN.NS
PLATIND,Platinum Industries,PLATIND.NS
PLAZACABLE,Plaza Wires,PLAZACABLE.NS
PNB,Punjab National Bank,PNB.NS
PNBGILTS,PNB Gilts,PNBGILTS.NS
PNBHOUSING,PNB Housing Finance,PNBHOUSING.NS
PNC,Pritish Nandy Communications,PNC.NS
PNCINFRA,PNC Infratech,PNCINFRA.NS
POCL,Pondy Oxides & Chemicals,POCL.NS
PODDARHOUS,Poddar Housing and Development,PODDARHOUS.NS
PODDARMENT,Poddar Pigments,PODDARMENT.NS
POKARNA,Pokarna,POKARNA.NS
POLICYBZR,PB Fintech,POLICYBZR.NS
POLYCAB,Polycab India,POLYCAB.NS
POLYMED,Poly Medicure,POLYMED.NS
POLYPLEX,Polyplex Corporation,POLYPLEX.NS
PONNIERODE,Ponni Sugars (Erode),PONNIERODE.NS
POONAWALLA,Poonawalla Fincorp,POONAWALLA.NS
POWERGRID,Power Grid Corporation of India,POWERGRID.NS
POWERINDIA,Hitachi Energy India,POWERINDIA.NS
POWERMECH,Power Mech Projects,POWERMECH.NS
PPAP,PPAP Automotive,PPAP.NS
PPL,Prakash Pipes,PPL.NS
PPLPHARMA,Piramal Pharma,PPLPHARMA.NS
PRAENG,Prajay Engineers Syndicate,PRAENG.NS
PRAJIND,Praj Industries,PRAJIND.NS
PRAKASH,Prakash Industries,PRAKASH.NS
PRAKASHSTL,Prakash Steelage,PRAKASHSTL.NS
PRAXIS,Praxis Home Retail,PRAXIS.NS
PRECAM,Precision Camshafts,PRECAM.NS
PRECOT,Precot,PRECOT.NS
PRECWIRE,Precision Wires India,PRECWIRE.NS
PREMEXPLN,Premier Explosives,PREMEXPLN.NS
PREMIER,Premier,PREMIER.NS
PREMIERENE,Premier Energies,PREMIERENE.NS
PREMIERPOL,Premier Polyfilm,PREMIERPOL.NS
PRESTIGE,Prestige Estates Projects,PRESTIGE.NS
PRICOLLTD,Pricol,PRICOLLTD.NS
PRIMESECU,Prime Securities,PRIMESECU.NS
PRINCEPIPE,Prince Pipes And Fittings,PRINCEPIPE.NS
PRITI,Priti International,PRITI.NS
PRITIKAUTO,Pritika Auto Industries,PRITIKAUTO.NS
PRIVISCL,Privi Speciality Chemicals,PRIVISCL.NS
PROZONER,Prozone Realty,PROZONER.NS
PRSMJOHNSN,Prism Johnson,PRSMJOHNSN.NS
PRUDENT,Prudent Corporate Advisory Services,PRUDENT.NS
PRUDMOULI,Prudential Sugar Corporation,PRUDMOULI.NS
PSB,Punjab & Sind Bank,PSB.NS
PSPPROJECT,PSP Projects,PSPPROJECT.NS
PTC,PTC India,PTC.NS
PTCIL,PTC Industries,PTCIL.NS
PTL,PTL Enterprises,PTL.NS
PUNJABCHEM,Punjab Chemicals & Crop Protection,PUNJABCHEM.NS
PURVA,Puravankara,PURVA.NS
PVP,PVP Ventures,PVP.NS
PVRINOX,PVR INOX,PVRINOX.NS
PVSL,Popular Vehicles and Services,PVSL.NS
PYRAMID,Pyramid Technoplast,PYRAMID.NS
QUESS,Quess Corp,QUESS.NS
QUICKHEAL,Quick Heal Technologies,QUICKHEAL.NS
RACE,Race Eco Chain,RACE.NS
RADHIKAJWE,Radhika Jeweltech,RADHIKAJWE.NS
RADIANTCMS,Radiant Cash Management Services,RADIANTCMS.NS
RADICO,Radico Khaitan,RADICO.NS
RADIOCITY,Music Broadcast,RADIOCITY.NS
RAILTEL,Railtel Corporation Of India,RAILTEL.NS
RAIN,Rain Industries,RAIN.NS
RAINBOW,Rainbow Childrens Medicare,RAINBOW.NS
RAJESHEXPO,Rajesh Exports,RAJESHEXPO.NS
RAJMET,Rajnandini Metal,RAJMET.NS
RAJRATAN,Rajratan Global Wire,RAJRATAN.NS
RAJRILTD,Raj Rayon Industries,RAJRILTD.NS
RAJSREESUG,Rajshree Sugars & Chemicals,RAJSREESUG.NS
RAJTV,Raj Television Network,RAJTV.NS
RALLIS,Rallis India,RALLIS.NS
RAMANEWS,Shree Rama Newsprint,RAMANEWS.NS
RAMAPHO,Rama Phosphates,RAMAPHO.NS
RAMASTEEL,Rama Steel Tubes,RAMASTEEL.NS
RAMCOCEM,The Ramco Cements,RAMCOCEM.NS
RAMCOIND,Ramco Industries,RAMCOIND.NS
RAMCOSYS,Ramco Systems,RAMCOSYS.NS
RAMKY,Ramky Infrastructure,RAMKY.NS
RAMRAT,Ram Ratna Wires,RAMRAT.NS
RANASUG,Rana Sugars,RANASUG.NS
RANEENGINE,Rane Engine Valve,RANEENGINE.NS
RANEHOLDIN,Rane Holdings,RANEHOLDIN.NS
RATEGAIN,Rategain Travel Technologies,RATEGAIN.NS
RATNAMANI,Ratnamani Metals & Tubes,RATNAMANI.NS
RATNAVEER,Ratnaveer Precision Engineering,RATNAVEER.NS
RAYMOND,Raymond,RAYMOND.NS
RAYMONDLSL,Raymond Lifestyle,RAYMONDLSL.NS
RBA,Restaurant Brands Asia,RBA.NS
RBL,Rane Brake Lining,RBL.NS
RBLBANK,RBL Bank,RBLBANK.NS
RBZJEWEL,RBZ Jewellers,RBZJEWEL.NS
RCF,Rashtriya Chemicals and Fertilizers,RCF.NS
RECLTD,REC,RECLTD.NS
REDINGTON,Redington,REDINGTON.NS
REDTAPE,Redtape,REDTAPE.NS
REFEX,Refex Industries,REFEX.NS
REGENCERAM,Regency Ceramics,REGENCERAM.NS
RELAXO,Relaxo Footwears,RELAXO.NS
RELCHEMQ,Reliance Chemotex Industries,RELCHEMQ.NS
RELIABLE,Reliable Data Services,RELIABLE.NS
RELIANCE,Reliance Industries,RELIANCE.NS
RELIGARE,Religare Enterprises,RELIGARE.NS
RELINFRA,Reliance Infrastructure,RELINFRA.NS
RELTD,Ravindra Energy,RELTD.NS
REMSONSIND,Remsons Industries,REMSONSIND.NS
RENUKA,Shree Renuka Sugars,RENUKA.NS
REPCOHOME,Repco Home Finance,REPCOHOME.NS
REPL,Rudrabhishek Enterprises,REPL.NS
REPRO,Repro India,REPRO.NS
RESPONIND,Responsive Industries,RESPONIND.NS
RETAIL,JHS Svendgaard Retail Ventures,RETAIL.NS
RGL,Renaissance Global,RGL.NS
RHFL,Reliance Home Finance,RHFL.NS
RHIM,RHI MAGNESITA INDIA,RHIM.NS
RHL,Robust Hotels,RHL.NS
RICOAUTO,Rico Auto Industries,RICOAUTO.NS
RIIL,Reliance Industrial Infrastructure,RIIL.NS
RISHABH,Rishabh Instruments,RISHABH.NS
RITCO,Ritco Logistics,RITCO.NS
RITES,RITES,RITES.NS
RKDL,Ravi Kumar Distilleries,RKDL.NS
RKEC,RKEC Projects,RKEC.NS
RKFORGE,Ramkrishna Forgings,RKFORGE.NS
RKSWAMY,R K Swamy,RKSWAMY.NS
RML,Rane (Madras),RML.NS
ROHLTD,Royal Orchid Hotels,ROHLTD.NS
ROLEXRINGS,Rolex Rings,ROLEXRINGS.NS
ROLLT,Rollatainers,ROLLT.NS
ROML,Raj Oil Mills,ROML.NS
ROSSARI,Rossari Biotech,ROSSARI.NS
ROSSELLIND,Rossell India,ROSSELLIND.NS
ROTO,Roto Pumps,ROTO.NS
ROUTE,ROUTE MOBILE,ROUTE.NS
RPEL,Raghav Productivity Enhancers,RPEL.NS
RPGLIFE,RPG Life Sciences,RPGLIFE.NS
RPOWER,Reliance Power,RPOWER.NS
RPPINFRA,R.P.P. Infra Projects,RPPINFRA.NS
RPPL,Rajshree Polypack,RPPL.NS
RPSGVENT,RPSG VENTURES,RPSGVENT.NS
RPTECH,Rashi Peripherals,RPTECH.NS
RRKABEL,R R Kabel,RRKABEL.NS
RSSOFTWARE,R. S. Software (India),RSSOFTWARE.NS
RSWM,RSWM,RSWM.NS
RSYSTEMS,R Systems International,RSYSTEMS.NS
RTNINDIA,RattanIndia Enterprises,RTNINDIA.NS
RTNPOWER,RattanIndia Power,RTNPOWER.NS
RUBFILA,Rubfila International,RUBFILA.NS
RUBYMILLS,The Ruby Mills,RUBYMILLS.NS
RUCHINFRA,Ruchi Infrastructure,RUCHINFRA.NS
RUCHIRA,Ruchira Papers,RUCHIRA.NS
RUPA,Rupa & Company,RUPA.NS
RUSHIL,Rushil Decor,RUSHIL.NS
RUSTOMJEE,Keystone Realtors,RUSTOMJEE.NS
RVHL,Ravinder Heights,RVHL.NS
RVNL,Rail Vikas Nigam,RVNL.NS
S&SPOWER,S&S Power Switchgears,S&SPOWER.NS
SABEVENTS,Sab Events & Governance Now Media,SABEVENTS.NS
SABTNL,Sri Adhikari Brothers Television Network,SABTNL.NS
SADBHAV,Sadbhav Engineering,SADBHAV.NS
SADBHIN,Sadbhav Infrastructure Project,SADBHIN.NS
SADHNANIQ,Sadhana Nitrochem,SADHNANIQ.NS
SAFARI,Safari Industries (India),SAFARI.NS
SAGARDEEP,Sagardeep Alloys,SAGARDEEP.NS
SAGCEM,Sagar Cements,SAGCEM.NS
SAH,Sah Polymers,SAH.NS
SAHYADRI,Sahyadri Industries,SAHYADRI.NS
SAIL,Steel Authority of India,SAIL.NS
SAKAR,Sakar Healthcare,SAKAR.NS
SAKHTISUG,Sakthi Sugars,SAKHTISUG.NS
SAKSOFT,Saksoft,SAKSOFT.NS
SAKUMA,Sakuma Exports,SAKUMA.NS
SALASAR,Salasar Techno Engineering,SALASAR.NS
SALONA,Salona Cotspin,SALONA.NS
SALSTEEL,S.A.L. Steel,SALSTEEL.NS
SALZERELEC,Salzer Electronics,SALZERELEC.NS
SAMBHAAV,Sambhaav Media,SAMBHAAV.NS
SAMHI,Samhi Hotels,SAMHI.NS
SAMMAANCAP,Sammaan Capital,SAMMAANCAP.NS
SAMPANN,Sampann Utpadan India,SAMPANN.NS
SANCO,Sanco Industries,SANCO.NS
SANDESH,The Sandesh,SANDESH.NS
SANDHAR,Sandhar Technologies,SANDHAR.NS
SANDUMA,Sandur Manganese & Iron Ores,SANDUMA.NS
SANGAMIND,Sangam (India),SANGAMIND.NS
SANGHIIND,Sanghi Industries,SANGHIIND.NS
SANGHVIMOV,Sanghvi Movers,SANGHVIMOV.NS
SANGINITA,Sanginita Chemicals,SANGINITA.NS
SANOFI,Sanofi India,SANOFI.NS
SANSERA,Sansera Engineering,SANSERA.NS
SANSTAR,Sanstar,SANSTAR.NS
SANWARIA,Sanwaria Consumer,SANWARIA.NS
SAPPHIRE,Sapphire Foods India,SAPPHIRE.NS
SARDAEN,Sarda Energy & Minerals,SARDAEN.NS
SAREGAMA,Saregama India,SAREGAMA.NS
SARLAPOLY,Sarla Performance Fibers,SARLAPOLY.NS
SARVESHWAR,Sarveshwar Foods,SARVESHWAR.NS
SASKEN,Sasken Technologies,SASKEN.NS
SASTASUNDR,Sastasundar Ventures,SASTASUNDR.NS
SATIA,Satia Industries,SATIA.NS
SATIN,Satin Creditcare Network,SATIN.NS
SATINDLTD,Sat Industries,SATINDLTD.NS
SAURASHCEM,Saurashtra Cement,SAURASHCEM.NS
SBC,SBC Exports,SBC.NS
SBCL,Shivalik Bimetal Controls,SBCL.NS
SBFC,SBFC Finance,SBFC.NS
SBGLP,Suratwwala Business Group,SBGLP.NS
SBICARD,SBI Cards and Payment Services,SBICARD.NS
SBILIFE,SBI Life Insurance Company,SBILIFE.NS
SBIN,State Bank of India,SBIN.NS
SCHAEFFLER,Schaeffler India,SCHAEFFLER.NS
SCHAND,S Chand And Company,SCHAND.NS
SCHNEIDER,Schneider Electric Infrastructure,SCHNEIDER.NS
SCI,Shipping Corporation Of India,SCI.NS
SCILAL,Shipping Corporation of India Land and Assets,SCILAL.NS
SCPL,Sheetal Cool Products,SCPL.NS
SDBL,Som Distilleries & Breweries,SDBL.NS
SEAMECLTD,Seamec,SEAMECLTD.NS
SECMARK,SecMark Consultancy,SECMARK.NS
SECURCRED,SecUR Credentials,SECURCRED.NS
SECURKLOUD,SECUREKLOUD TECHNOLOGIES,SECURKLOUD.NS
SEJALLTD,Sejal Glass,SEJALLTD.NS
SELAN,Selan Exploration Technology,SELAN.NS
SELMC,SEL Manufacturing Company,SELMC.NS
SEMAC,SEMAC CONSULTANTS,SEMAC.NS
SENCO,Senco Gold,SENCO.NS
SEPC,SEPC,SEPC.NS
SEQUENT,Sequent Scientific,SEQUENT.NS
SERVOTECH,Servotech Power Systems,SERVOTECH.NS
SESHAPAPER,Seshasayee Paper and Boards,SESHAPAPER.NS
SETCO,Setco Automotive,SETCO.NS
SETUINFRA,Setubandhan Infrastructure,SETUINFRA.NS
SFL,Sheela Foam,SFL.NS
SGIL,Synergy Green Industries,SGIL.NS
SGL,STL Global,SGL.NS
SHAH,Shah Metacorp,SHAH.NS
SHAHALLOYS,Shah Alloys,SHAHALLOYS.NS
SHAILY,Shaily Engineering Plastics,SHAILY.NS
SHAKTIPUMP,Shakti Pumps (India),SHAKTIPUMP.NS
SHALBY,Shalby,SHALBY.NS
SHALPAINTS,Shalimar Paints,SHALPAINTS.NS
SHANKARA,Shankara Building Products,SHANKARA.NS
SHANTI,Shanti Overseas (India),SHANTI.NS
SHANTIGEAR,Shanthi Gears,SHANTIGEAR.NS
SHARDACROP,Sharda Cropchem,SHARDACROP.NS
SHARDAMOTR,Sharda Motor Industries,SHARDAMOTR.NS
SHAREINDIA,Share India Securities,SHAREINDIA.NS
SHEMAROO,Shemaroo Entertainment,SHEMAROO.NS
SHILPAMED,Shilpa Medicare,SHILPAMED.NS
SHIVALIK,Shivalik Rasayan,SHIVALIK.NS
SHIVAMAUTO,Shivam Autotech,SHIVAMAUTO.NS
SHIVAMILLS,Shiva Mills,SHIVAMILLS.NS
SHIVATEX,Shiva Texyarn,SHIVATEX.NS
SHK,S H Kelkar and Company,SHK.NS
SHOPERSTOP,Shoppers Stop,SHOPERSTOP.NS
SHRADHA,Shradha Infraprojects,SHRADHA.NS
SHREDIGCEM,Shree Digvijay Cement Co.Ltd,SHREDIGCEM.NS
SHREECEM,SHREE CEMENT,SHREECEM.NS
SHREEPUSHK,Shree Pushkar Chemicals & Fertilisers,SHREEPUSHK.NS
SHREERAMA,Shree Rama Multi-Tech,SHREERAMA.NS
SHRENIK,Shrenik,SHRENIK.NS
SHREYANIND,Shreyans Industries,SHREYANIND.NS
SHREYAS,Shreyas Shipping & Logistics,SHREYAS.NS
SHRIPISTON,Shriram Pistons & Rings,SHRIPISTON.NS
SHRIRAMFIN,Shriram Finance,SHRIRAMFIN.NS
SHRIRAMPPS,Shriram Properties,SHRIRAMPPS.NS
SHYAMCENT,Shyam Century Ferrous,SHYAMCENT.NS
SHYAMMETL,Shyam Metalics and Energy,SHYAMMETL.NS
SHYAMTEL,Shyam Telecom,SHYAMTEL.NS
SICALLOG,Sical Logistics,SICALLOG.NS
SIEMENS,Siemens,SIEMENS.NS
SIGACHI,Sigachi Industries,SIGACHI.NS
SIGIND,Signet Industries,SIGIND.NS
SIGMA,Sigma Solve,SIGMA.NS
SIGNATURE,Signatureglobal (India),SIGNATURE.NS
SIGNPOST,Signpost India,SIGNPOST.NS
SIKKO,Sikko Industries,SIKKO.NS
SIL,Standard Industries,SIL.NS
SILGO,Silgo Retail,SILGO.NS
SILINV,SIL Investments,SILINV.NS
SILLYMONKS,Silly Monks Entertainment,SILLYMONKS.NS
SILVERTUC,Silver Touch Technologies,SILVERTUC.NS
SIMBHALS,Simbhaoli Sugars,SIMBHALS.NS
SIMPLEXINF,Simplex Infrastructures,SIMPLEXINF.NS
SINCLAIR,Sinclairs Hotels,SINCLAIR.NS
SINDHUTRAD,Sindhu Trade Links,SINDHUTRAD.NS
SINTERCOM,Sintercom India,SINTERCOM.NS
SIRCA,Sirca Paints India,SIRCA.NS
SIS,SIS,SIS.NS
SITINET,Siti Networks,SITINET.NS
SIYSIL,Siyaram Silk Mills,SIYSIL.NS
SJS,S.J.S. Enterprises,SJS.NS
SJVN,SJVN,SJVN.NS
SKFINDIA,SKF India,SKFINDIA.NS
SKIPPER,Skipper,SKIPPER.NS
SKMEGGPROD,SKM Egg Products Export (India),SKMEGGPROD.NS
SKYGOLD,Sky Gold,SKYGOLD.NS
SMARTLINK,Smartlink Holdings,SMARTLINK.NS
SMCGLOBAL,SMC Global Securities,SMCGLOBAL.NS
SMLISUZU,SML Isuzu,SMLISUZU.NS
SMLT,Sarthak Metals,SMLT.NS
SMSLIFE,SMS Lifesciences India,SMSLIFE.NS
SMSPHARMA,SMS Pharmaceuticals,SMSPHARMA.NS
SNOWMAN,Snowman Logistics,SNOWMAN.NS
SOBHA,Sobha,SOBHA.NS
SOFTTECH,Softtech Engineers,SOFTTECH.NS
SOLARA,Solara Active Pharma Sciences,SOLARA.NS
SOLARINDS,Solar Industries India,SOLARINDS.NS
SOMANYCERA,Somany Ceramics,SOMANYCERA.NS
SOMATEX,Soma Textiles & Industries,SOMATEX.NS
SOMICONVEY,Somi Conveyor Beltings,SOMICONVEY.NS
SONACOMS,Sona BLW Precision Forgings,SONACOMS.NS
SONAMLTD,SONAM,SONAMLTD.NS
SONATSOFTW,Sonata Software,SONATSOFTW.NS
SOTL,Savita Oil Technologies,SOTL.NS
SOUTHBANK,The South Indian Bank,SOUTHBANK.NS
SOUTHWEST,South West Pinnacle Exploration,SOUTHWEST.NS
SPAL,S. P. Apparels,SPAL.NS
SPANDANA,Spandana Sphoorty Financial,SPANDANA.NS
SPARC,Sun Pharma Advanced Research Company,SPARC.NS
SPCENET,Spacenet Enterprises India,SPCENET.NS
SPECIALITY,Speciality Restaurants,SPECIALITY.NS
SPENCERS,Spencer's Retail,SPENCERS.NS
SPIC,Southern Petrochemicals Industries Corporation,SPIC.NS
SPLIL,SPL Industries,SPLIL.NS
SPLPETRO,Supreme Petrochem,SPLPETRO.NS
SPMLINFRA,SPML Infra,SPMLINFRA.NS
SPORTKING,Sportking India,SPORTKING.NS
SREEL,Sreeleathers,SREEL.NS
SRF,SRF,SRF.NS
SRGHFL,SRG Housing Finance,SRGHFL.NS
SRHHYPOLTD,Sree Rayalaseema Hi-Strength Hypo,SRHHYPOLTD.NS
SRM,SRM Contractors,SRM.NS
SRPL,Shree Ram Proteins,SRPL.NS
SSDL,Saraswati Saree Depot,SSDL.NS
SSWL,Steel Strips Wheels,SSWL.NS
STANLEY,Stanley Lifestyles,STANLEY.NS
STAR,Strides Pharma Science,STAR.NS
STARCEMENT,Star Cement,STARCEMENT.NS
STARHEALTH,Star Health and Allied Insurance Company,STARHEALTH.NS
STARPAPER,Star Paper Mills,STARPAPER.NS
STARTECK,Starteck Finance,STARTECK.NS
STCINDIA,The State Trading Corporation of India,STCINDIA.NS
STEELCAS,Steelcast,STEELCAS.NS
STEELCITY,Steel City Securities,STEELCITY.NS
STEELXIND,STEEL EXCHANGE INDIA,STEELXIND.NS
STEL,Stel Holdings,STEL.NS
STERTOOLS,Sterling Tools,STERTOOLS.NS
STLTECH,Sterlite Technologies,STLTECH.NS
STOVEKRAFT,Stove Kraft,STOVEKRAFT.NS
STYLAMIND,Stylam Industries,STYLAMIND.NS
STYRENIX,Styrenix Performance Materials,STYRENIX.NS
SUBEXLTD,Subex,SUBEXLTD.NS
SUBROS,Subros,SUBROS.NS
SUDARSCHEM,Sudarshan Chemical Industries,SUDARSCHEM.NS
SUKHJITS,Sukhjit Starch & Chemicals,SUKHJITS.NS
SULA,Sula Vineyards,SULA.NS
SUMEETINDS,Sumeet Industries,SUMEETINDS.NS
SUMICHEM,Sumitomo Chemical India,SUMICHEM.NS
SUMIT,Sumit Woods,SUMIT.NS
SUMMITSEC,Summit Securities,SUMMITSEC.NS
SUNCLAY,Sundaram Clayton,SUNCLAY.NS
SUNDARAM,Sundaram Multi Pap,SUNDARAM.NS
SUNDARMFIN,Sundaram Finance,SUNDARMFIN.NS
SUNDARMHLD,Sundaram Finance Holdings,SUNDARMHLD.NS
SUNDRMBRAK,Sundaram Brake Linings,SUNDRMBRAK.NS
SUNDRMFAST,Sundram Fasteners,SUNDRMFAST.NS
SUNFLAG,Sunflag Iron And Steel Company,SUNFLAG.NS
SUNPHARMA,Sun Pharmaceutical Industries,SUNPHARMA.NS
SUNTECK,Sunteck Realty,SUNTECK.NS
SUNTV,Sun TV Network,SUNTV.NS
SUPERHOUSE,Superhouse,SUPERHOUSE.NS
SUPERSPIN,Super Spinning Mills,SUPERSPIN.NS
SUPRAJIT,Suprajit Engineering,SUPRAJIT.NS
SUPREMEENG,Supreme Engineering,SUPREMEENG.NS
SUPREMEIND,Supreme Industries,SUPREMEIND.NS
SUPREMEINF,Supreme Infrastructure India,SUPREMEINF.NS
SUPRIYA,Supriya Lifescience,SUPRIYA.NS
SURAJEST,Suraj Estate Developers,SURAJEST.NS
SURAJLTD,Suraj,SURAJLTD.NS
SURANASOL,Surana Solar,SURANASOL.NS
SURANAT&P,Surana Telecom and Power,SURANAT&P.NS
SURYALAXMI,Suryalakshmi Cotton Mills,SURYALAXMI.NS
SURYAROSNI,Surya Roshni,SURYAROSNI.NS
SURYODAY,Suryoday Small Finance Bank,SURYODAY.NS
SUTLEJTEX,Sutlej Textiles and Industries,SUTLEJTEX.NS
SUULD,Suumaya Industries,SUULD.NS
SUVEN,Suven Life Sciences,SUVEN.NS
SUVENPHAR,Suven Pharmaceuticals,SUVENPHAR.NS
SUVIDHAA,Suvidhaa Infoserve,SUVIDHAA.NS
SUYOG,Suyog Telematics,SUYOG.NS
SUZLON,Suzlon Energy,SUZLON.NS
SVLL,Shree Vasu Logistics,SVLL.NS
SVPGLOB,SVP GLOBAL TEXTILES,SVPGLOB.NS
SWANENERGY,Swan Energy,SWANENERGY.NS
SWARAJENG,Swaraj Engines,SWARAJENG.NS
SWELECTES,Swelect Energy Systems,SWELECTES.NS
SWSOLAR,Sterling and Wilson Renewable Energy,SWSOLAR.NS
SYMPHONY,Symphony,SYMPHONY.NS
SYNCOMF,Syncom Formulations (India),SYNCOMF.NS
SYNGENE,Syngene International,SYNGENE.NS
SYRMA,Syrma SGS Technology,SYRMA.NS
TAINWALCHM,Tainwala Chemical and Plastic (I),TAINWALCHM.NS
TAJGVK,Taj GVK Hotels & Resorts,TAJGVK.NS
TAKE,Take Solutions,TAKE.NS
TALBROAUTO,Talbros Automotive Components,TALBROAUTO.NS
TANLA,Tanla Platforms,TANLA.NS
TARACHAND,Tara Chand InfraLogistic Solutions,TARACHAND.NS
TARAPUR,Tarapur Transformers,TARAPUR.NS
TARC,Anant Raj Global,TARC.NS
TARIL,Transformers And Rectifiers (India),TARIL.NS
TARMAT,Tarmat,TARMAT.NS
TARSONS,Tarsons Products,TARSONS.NS
TASTYBITE,Tasty Bite Eatables,TASTYBITE.NS
TATACHEM,Tata Chemicals,TATACHEM.NS
TATACOMM,Tata Communications,TATACOMM.NS
TATACONSUM,TATA CONSUMER PRODUCTS,TATACONSUM.NS
TATAELXSI,Tata Elxsi,TATAELXSI.NS
TATAINVEST,Tata Investment Corporation,TATAINVEST.NS
TATAMOTORS,Tata Motors,TATAMOTORS.NS
TATAPOWER,Tata Power Company,TATAPOWER.NS
TATASTEEL,Tata Steel,TATASTEEL.NS
TATATECH,Tata Technologies,TATATECH.NS
TATVA,Tatva Chintan Pharma Chem,TATVA.NS
TBOTEK,TBO Tek,TBOTEK.NS
TBZ,Tribhovandas Bhimji Zaveri,TBZ.NS
TCI,Transport Corporation of India,TCI.NS
TCIEXP,TCI Express,TCIEXP.NS
TCIFINANCE,TCI Finance,TCIFINANCE.NS
TCLCONS,Tantia Constructions,TCLCONS.NS
TCPLPACK,TCPL Packaging,TCPLPACK.NS
TCS,Tata Consultancy Services,TCS.NS
TDPOWERSYS,TD Power Systems,TDPOWERSYS.NS
TEAMLEASE,Teamlease Services,TEAMLEASE.NS
TECHIN,Techindia Nirman,TECHIN.NS
TECHM,Tech Mahindra,TECHM.NS
TECHNOE,Techno Electric & Engineering Company,TECHNOE.NS
TECILCHEM,TECIL Chemicals and Hydro Power,TECILCHEM.NS
TEGA,Tega Industries,TEGA.NS
TEJASNET,Tejas Networks,TEJASNET.NS
TEMBO,Tembo Global Industries,TEMBO.NS
TERASOFT,Tera Software,TERASOFT.NS
TEXINFRA,Texmaco Infrastructure & Holdings,TEXINFRA.NS
TEXMOPIPES,Texmo Pipes and Products,TEXMOPIPES.NS
TEXRAIL,Texmaco Rail & Engineering,TEXRAIL.NS
TFCILTD,Tourism Finance Corporation of India,TFCILTD.NS
TFL,Transwarranty Finance,TFL.NS
TGBHOTELS,TGB Banquets And Hotels,TGBHOTELS.NS
THANGAMAYL,Thangamayil Jewellery,THANGAMAYL.NS
THEINVEST,The Investment Trust Of India,THEINVEST.NS
THEJO,Thejo Engineering,THEJO.NS
THEMISMED,Themis Medicare,THEMISMED.NS
THERMAX,Thermax,THERMAX.NS
THOMASCOOK,Thomas Cook (India),THOMASCOOK.NS
THOMASCOTT,Thomas Scott (India),THOMASCOTT.NS
THYROCARE,Thyrocare Technologies,THYROCARE.NS
TI,Tilaknagar Industries,TI.NS
TIDEWATER,Tide Water Oil Company (India),TIDEWATER.NS
TIIL,Technocraft Industries (India),TIIL.NS
TIINDIA,Tube Investments of India,TIINDIA.NS
TIJARIA,Tijaria Polypipes,TIJARIA.NS
TIL,TIL,TIL.NS
TIMESGTY,Times Guaranty,TIMESGTY.NS
TIMETECHNO,Time Technoplast,TIMETECHNO.NS
TIMKEN,Timken India,TIMKEN.NS
TIPSFILMS,Tips Films,TIPSFILMS.NS
TIPSINDLTD,TIPS Industries,TIPSINDLTD.NS
TIRUMALCHM,Thirumalai Chemicals,TIRUMALCHM.NS
TIRUPATIFL,Tirupati Forge,TIRUPATIFL.NS
TITAGARH,TITAGARH RAIL SYSTEMS,TITAGARH.NS
TITAN,Titan Company,TITAN.NS
TMB,Tamilnad Mercantile Bank,TMB.NS
TNPETRO,Tamilnadu PetroProducts,TNPETRO.NS
TNPL,Tamil Nadu Newsprint & Papers,TNPL.NS
TNTELE,Tamilnadu Telecommunication,TNTELE.NS
TOKYOPLAST,Tokyo Plast International,TOKYOPLAST.NS
TORNTPHARM,Torrent Pharmaceuticals,TORNTPHARM.NS
TORNTPOWER,Torrent Power,TORNTPOWER.NS
TOTAL,Total Transport Systems,TOTAL.NS
TOUCHWOOD,Touchwood Entertainment,TOUCHWOOD.NS
TPHQ,Teamo Productions HQ,TPHQ.NS
TPLPLASTEH,TPL Plastech,TPLPLASTEH.NS
TRACXN,Tracxn Technologies,TRACXN.NS
TREEHOUSE,Tree House Education & Accessories,TREEHOUSE.NS
TREJHARA,TREJHARA SOLUTIONS,TREJHARA.NS
TREL,Transindia Real Estate,TREL.NS
TRENT,Trent,TRENT.NS
TRF,TRF,TRF.NS
TRIDENT,Trident,TRIDENT.NS
TRIGYN,Trigyn Technologies,TRIGYN.NS
TRITURBINE,Triveni Turbine,TRITURBINE.NS
TRIVENI,Triveni Engineering & Industries,TRIVENI.NS
TRU,TruCap Finance,TRU.NS
TTKHLTCARE,TTK Healthcare,TTKHLTCARE.NS
TTKPRESTIG,TTK Prestige,TTKPRESTIG.NS
TTL,T T,TTL.NS
TTML,Tata Teleservices (Maharashtra),TTML.NS
TV18BRDCST,TV18 Broadcast,TV18BRDCST.NS
TVSELECT,TVS Electronics,TVSELECT.NS
TVSHLTD,TVS Holdings,TVSHLTD.NS
TVSMOTOR,TVS Motor Company,TVSMOTOR.NS
TVSSCS,TVS Supply Chain Solutions,TVSSCS.NS
TVSSRICHAK,TVS Srichakra,TVSSRICHAK.NS
TVTODAY,TV Today Network,TVTODAY.NS
TVVISION,TV Vision,TVVISION.NS
UBL,United Breweries,UBL.NS
UCAL,UCAL,UCAL.NS
UCOBANK,UCO Bank,UCOBANK.NS
UDAICEMENT,Udaipur Cement Works,UDAICEMENT.NS
UDS,Updater Services,UDS.NS
UFLEX,UFLEX,UFLEX.NS
UFO,UFO Moviez India,UFO.NS
UGARSUGAR,The Ugar Sugar Works,UGARSUGAR.NS
UGROCAP,Ugro Capital,UGROCAP.NS
UJJIVANSFB,Ujjivan Small Finance Bank,UJJIVANSFB.NS
ULTRACEMCO,UltraTech Cement,ULTRACEMCO.NS
UMAEXPORTS,Uma Exports,UMAEXPORTS.NS
UMANGDAIRY,Umang Dairies,UMANGDAIRY.NS
UMESLTD,Usha Martin Education & Solutions,UMESLTD.NS
UNICHEMLAB,Unichem Laboratories,UNICHEMLAB.NS
UNIDT,United Drilling Tools,UNIDT.NS
UNIECOM,Unicommerce Esolutions,UNIECOM.NS
UNIENTER,Uniphos Enterprises,UNIENTER.NS
UNIINFO,Uniinfo Telecom Services,UNIINFO.NS
UNIONBANK,Union Bank of India,UNIONBANK.NS
UNIPARTS,Uniparts India,UNIPARTS.NS
UNITDSPR,United Spirits,UNITDSPR.NS
UNITECH,Unitech,UNITECH.NS
UNITEDPOLY,United Polyfab Gujarat,UNITEDPOLY.NS
UNITEDTEA,The United Nilgiri Tea Estates Company,UNITEDTEA.NS
UNIVASTU,Univastu India,UNIVASTU.NS
UNIVCABLES,Universal Cables,UNIVCABLES.NS
UNIVPHOTO,Universus Photo Imagings,UNIVPHOTO.NS
UNOMINDA,UNO Minda,UNOMINDA.NS
UPL,UPL,UPL.NS
URAVI,Uravi T and Wedge Lamps,URAVI.NS
URJA,Urja Global,URJA.NS
USHAMART,Usha Martin,USHAMART.NS
USK,Udayshivakumar Infra,USK.NS
UTIAMC,UTI Asset Management Company,UTIAMC.NS
UTKARSHBNK,Utkarsh Small Finance Bank,UTKARSHBNK.NS
UTTAMSUGAR,Uttam Sugar Mills,UTTAMSUGAR.NS
V2RETAIL,V2 Retail,V2RETAIL.NS
VADILALIND,Vadilal Industries,VADILALIND.NS
VAIBHAVGBL,Vaibhav Global,VAIBHAVGBL.NS
VAISHALI,Vaishali Pharma,VAISHALI.NS
VAKRANGEE,Vakrangee,VAKRANGEE.NS
VALIANTLAB,Valiant Laboratories,VALIANTLAB.NS
VALIANTORG,Valiant Organics,VALIANTORG.NS
VARDHACRLC,Vardhman Acrylics,VARDHACRLC.NS
VARDMNPOLY,Vardhman Polytex,VARDMNPOLY.NS
VARROC,Varroc Engineering,VARROC.NS
VASCONEQ,Vascon Engineers,VASCONEQ.NS
VASWANI,Vaswani Industries,VASWANI.NS
VBL,Varun Beverages,VBL.NS
VCL,Vaxtex Cotfab,VCL.NS
VEDL,Vedanta,VEDL.NS
VENKEYS,Venky's (India),VENKEYS.NS
VENUSPIPES,Venus Pipes & Tubes,VENUSPIPES.NS
VENUSREM,Venus Remedies,VENUSREM.NS
VERANDA,Veranda Learning Solutions,VERANDA.NS
VERTOZ,Vertoz,VERTOZ.NS
VESUVIUS,Vesuvius India,VESUVIUS.NS
VETO,Veto Switchgears And Cables,VETO.NS
VGUARD,V-Guard Industries,VGUARD.NS
VHL,Vardhman Holdings,VHL.NS
VHLTD,Viceroy Hotels,VHLTD.NS
VIDHIING,Vidhi Specialty Food Ingredients,VIDHIING.NS
VIJAYA,Vijaya Diagnostic Centre,VIJAYA.NS
VIJIFIN,Viji Finance,VIJIFIN.NS
VIKASECO,Vikas EcoTech,VIKASECO.NS
VIKASLIFE,Vikas Lifecare,VIKASLIFE.NS
VIMTALABS,Vimta Labs,VIMTALABS.NS
VINATIORGA,Vinati Organics,VINATIORGA.NS
VINDHYATEL,Vindhya Telelinks,VINDHYATEL.NS
VINEETLAB,Vineet Laboratories,VINEETLAB.NS
VINNY,Vinny Overseas,VINNY.NS
VINYLINDIA,Vinyl Chemicals (India),VINYLINDIA.NS
VIPCLOTHNG,VIP Clothing,VIPCLOTHNG.NS
VIPIND,VIP Industries,VIPIND.NS
VIPULLTD,Vipul,VIPULLTD.NS
VIRINCHI,Virinchi,VIRINCHI.NS
VISAKAIND,Visaka Industries,VISAKAIND.NS
VISASTEEL,Visa Steel,VISASTEEL.NS
VISHNU,Vishnu Chemicals,VISHNU.NS
VISHWARAJ,Vishwaraj Sugar Industries,VISHWARAJ.NS
VIVIDHA,Visagar Polytex,VIVIDHA.NS
VLEGOV,VL E-Governance & IT Solutions,VLEGOV.NS
VLSFINANCE,VLS Finance,VLSFINANCE.NS
VMART,V-Mart Retail,VMART.NS
VOLTAMP,Voltamp Transformers,VOLTAMP.NS
VOLTAS,Voltas,VOLTAS.NS
VPRPL,Vishnu Prakash R Punglia,VPRPL.NS
VRAJ,Vraj Iron and Steel,VRAJ.NS
VRLLOG,VRL Logistics,VRLLOG.NS
VSSL,Vardhman Special Steels,VSSL.NS
VSTIND,VST Industries,VSTIND.NS
VSTL,Vibhor Steel Tubes,VSTL.NS
VSTTILLERS,V.S.T Tillers Tractors,VSTTILLERS.NS
VTL,Vardhman Textiles,VTL.NS
WABAG,VA Tech Wabag,WABAG.NS
WALCHANNAG,Walchandnagar Industries,WALCHANNAG.NS
WANBURY,Wanbury,WANBURY.NS
WEALTH,Wealth First Portfolio Managers,WEALTH.NS
WEBELSOLAR,Websol Energy System,WEBELSOLAR.NS
WEIZMANIND,Weizmann,WEIZMANIND.NS
WEL,Wonder Electricals,WEL.NS
WELCORP,Welspun Corp,WELCORP.NS
WELENT,Welspun Enterprises,WELENT.NS
WELINV,Welspun Investments and Commercials,WELINV.NS
WELSPUNLIV,Welspun Living,WELSPUNLIV.NS
WENDT,Wendt (India),WENDT.NS
WESTLIFE,WESTLIFE FOODWORLD,WESTLIFE.NS
WEWIN,WE WIN,WEWIN.NS
WHEELS,Wheels India,WHEELS.NS
WHIRLPOOL,Whirlpool of India,WHIRLPOOL.NS
WILLAMAGOR,Williamson Magor & Company,WILLAMAGOR.NS
WINDLAS,Windlas Biotech,WINDLAS.NS
WINDMACHIN,Windsor Machines,WINDMACHIN.NS
WINSOME,Winsome Yarns,WINSOME.NS
WIPL,The Western India Plywoods,WIPL.NS
WIPRO,Wipro,WIPRO.NS
WOCKPHARMA,Wockhardt,WOCKPHARMA.NS
WONDERLA,Wonderla Holidays,WONDERLA.NS
WORTH,Worth Peripherals,WORTH.NS
WSI,W S Industries (I),WSI.NS
WSTCSTPAPR,West Coast Paper Mills,WSTCSTPAPR.NS
XCHANGING,Xchanging Solutions,XCHANGING.NS
XELPMOC,Xelpmoc Design And Tech,XELPMOC.NS
XPROINDIA,Xpro India,XPROINDIA.NS
YAARI,Yaari Digital Integrated Services,YAARI.NS
YASHO,Yasho Industries,YASHO.NS
YATHARTH,Yatharth Hospital & Trauma Care Services,YATHARTH.NS
YATRA,Yatra Online,YATRA.NS
YESBANK,Yes Bank,YESBANK.NS
YUKEN,Yuken India,YUKEN.NS
ZAGGLE,Zaggle Prepaid Ocean Services,ZAGGLE.NS
ZEEL,Zee Entertainment Enterprises,ZEEL.NS
ZEELEARN,Zee Learn,ZEELEARN.NS
ZEEMEDIA,Zee Media Corporation,ZEEMEDIA.NS
ZENITHEXPO,Zenith Exports,ZENITHEXPO.NS
ZENITHSTL,Zenith Steel Pipes & Industries,ZENITHSTL.NS
ZENSARTECH,Zensar Technologies,ZENSARTECH.NS
ZENTEC,Zen Technologies,ZENTEC.NS
ZFCVINDIA,ZF Commercial Vehicle Control Systems India,ZFCVINDIA.NS
ZIMLAB,Zim Laboratories,ZIMLAB.NS
ZODIAC,Zodiac Energy,ZODIAC.NS
ZODIACLOTH,Zodiac Clothing Company,ZODIACLOTH.NS
ZOMATO,Zomato,ZOMATO.NS
ZOTA,Zota Health Care,ZOTA.NS
ZUARI,Zuari Agro Chemicals,ZUARI.NS
ZUARIIND,ZUARI INDUSTRIES,ZUARIIND.NS
ZYDUSLIFE,Zydus Lifesciences,ZYDUSLIFE.NS
ZYDUSWELL,Zydus Wellness,ZYDUSWELL.NS
